{
"type": "FeatureCollection",
"name": "transfer_points",
"crs": { "type": "name", "properties": { "name": "urn:ogc:def:crs:OGC:1.3:CRS84" } },
"features": [
{"type":"Feature","properties":{"stop_id":2,"routes":"[37 78]","num_routes":2},"geometry":{"type":"Point","coordinates":[-122.675685051850309,45.420614635879801]}},
{"type":"Feature","properties":{"stop_id":3,"routes":"[ 35 153]","num_routes":2},"geometry":{"type":"Point","coordinates":[-122.6652118490139,45.419394001743392]}},
{"type":"Feature","properties":{"stop_id":4,"routes":"[37 78]","num_routes":2},"geometry":{"type":"Point","coordinates":[-122.675166890956461,45.420712296068444]}},
{"type":"Feature","properties":{"stop_id":6,"routes":"[37 78]","num_routes":2},"geometry":{"type":"Point","coordinates":[-122.673084346692093,45.420226309345651]}},
{"type":"Feature","properties":{"stop_id":7,"routes":"[37 78]","num_routes":2},"geometry":{"type":"Point","coordinates":[-122.67269487525617,45.420419821273065]}},
{"type":"Feature","properties":{"stop_id":46,"routes":"[ 6 72]","num_routes":2},"geometry":{"type":"Point","coordinates":[-122.661077936368443,45.559067011134864]}},
{"type":"Feature","properties":{"stop_id":52,"routes":"[ 8 72]","num_routes":2},"geometry":{"type":"Point","coordinates":[-122.649891434878285,45.559040917411103]}},
{"type":"Feature","properties":{"stop_id":53,"routes":"[ 8 72]","num_routes":2},"geometry":{"type":"Point","coordinates":[-122.649538590764891,45.559162325887328]}},
{"type":"Feature","properties":{"stop_id":63,"routes":"[17 72]","num_routes":2},"geometry":{"type":"Point","coordinates":[-122.638011744088075,45.559009172983117]}},
{"type":"Feature","properties":{"stop_id":64,"routes":"[17 72]","num_routes":2},"geometry":{"type":"Point","coordinates":[-122.637793408687187,45.559096997246698]}},
{"type":"Feature","properties":{"stop_id":88,"routes":"[ 4 72]","num_routes":2},"geometry":{"type":"Point","coordinates":[-122.674888428703852,45.562961985799454]}},
{"type":"Feature","properties":{"stop_id":89,"routes":"[ 4 72]","num_routes":2},"geometry":{"type":"Point","coordinates":[-122.675050896019684,45.562415195499881]}},
{"type":"Feature","properties":{"stop_id":90,"routes":"[ 4 75]","num_routes":2},"geometry":{"type":"Point","coordinates":[-122.674904905906729,45.576946412428605]}},
{"type":"Feature","properties":{"stop_id":91,"routes":"[ 4 44]","num_routes":2},"geometry":{"type":"Point","coordinates":[-122.674782043459487,45.570323862195025]}},
{"type":"Feature","properties":{"stop_id":92,"routes":"[ 4 44]","num_routes":2},"geometry":{"type":"Point","coordinates":[-122.674994287147555,45.569644988836615]}},
{"type":"Feature","properties":{"stop_id":93,"routes":"[ 4 75]","num_routes":2},"geometry":{"type":"Point","coordinates":[-122.674707307429273,45.576874519034035]}},
{"type":"Feature","properties":{"stop_id":102,"routes":"[76 88]","num_routes":2},"geometry":{"type":"Point","coordinates":[-122.805810668080085,45.476371545653436]}},
{"type":"Feature","properties":{"stop_id":103,"routes":"[76 88]","num_routes":2},"geometry":{"type":"Point","coordinates":[-122.805257186527228,45.476559407948507]}},
{"type":"Feature","properties":{"stop_id":115,"routes":"[40 72]","num_routes":2},"geometry":{"type":"Point","coordinates":[-122.703892294849979,45.556705461291017]}},
{"type":"Feature","properties":{"stop_id":121,"routes":"[31 32 34]","num_routes":3},"geometry":{"type":"Point","coordinates":[-122.598837104517699,45.376441047636767]}},
{"type":"Feature","properties":{"stop_id":122,"routes":"[31 32 34]","num_routes":3},"geometry":{"type":"Point","coordinates":[-122.598677975290244,45.376605588279858]}},
{"type":"Feature","properties":{"stop_id":123,"routes":"[31 32 34]","num_routes":3},"geometry":{"type":"Point","coordinates":[-122.596979043224295,45.377066339728088]}},
{"type":"Feature","properties":{"stop_id":124,"routes":"[31 32 34]","num_routes":3},"geometry":{"type":"Point","coordinates":[-122.596836504385536,45.37723711200541]}},
{"type":"Feature","properties":{"stop_id":125,"routes":"[31 32 34]","num_routes":3},"geometry":{"type":"Point","coordinates":[-122.5950714990108,45.377705180640895]}},
{"type":"Feature","properties":{"stop_id":126,"routes":"[31 32 34]","num_routes":3},"geometry":{"type":"Point","coordinates":[-122.59490331608589,45.377872558321044]}},
{"type":"Feature","properties":{"stop_id":135,"routes":"[31 32 33 34]","num_routes":4},"geometry":{"type":"Point","coordinates":[-122.600906218548886,45.375968579337865]}},
{"type":"Feature","properties":{"stop_id":136,"routes":"[31 32 34]","num_routes":3},"geometry":{"type":"Point","coordinates":[-122.59343273074218,45.378226146243875]}},
{"type":"Feature","properties":{"stop_id":137,"routes":"[31 32 34]","num_routes":3},"geometry":{"type":"Point","coordinates":[-122.593199948164454,45.378442760961498]}},
{"type":"Feature","properties":{"stop_id":143,"routes":"[35 40]","num_routes":2},"geometry":{"type":"Point","coordinates":[-122.67846571044214,45.503817030317357]}},
{"type":"Feature","properties":{"stop_id":155,"routes":"[ 1 12 38 44 45 54 55]","num_routes":7},"geometry":{"type":"Point","coordinates":[-122.682771184709352,45.487064732826425]}},
{"type":"Feature","properties":{"stop_id":156,"routes":"[ 1 12 38 44 45 54 55]","num_routes":7},"geometry":{"type":"Point","coordinates":[-122.682529058336669,45.487682647145938]}},
{"type":"Feature","properties":{"stop_id":159,"routes":"[12 43]","num_routes":2},"geometry":{"type":"Point","coordinates":[-122.702786154664821,45.462591492825688]}},
{"type":"Feature","properties":{"stop_id":162,"routes":"[12 43]","num_routes":2},"geometry":{"type":"Point","coordinates":[-122.709505621136614,45.458729627773536]}},
{"type":"Feature","properties":{"stop_id":163,"routes":"[12 43]","num_routes":2},"geometry":{"type":"Point","coordinates":[-122.710507263971095,45.45845473793559]}},
{"type":"Feature","properties":{"stop_id":165,"routes":"[12 43]","num_routes":2},"geometry":{"type":"Point","coordinates":[-122.703667416682052,45.462409839901923]}},
{"type":"Feature","properties":{"stop_id":168,"routes":"[12 39 44]","num_routes":3},"geometry":{"type":"Point","coordinates":[-122.721573906436262,45.453238658186145]}},
{"type":"Feature","properties":{"stop_id":170,"routes":"[12 39]","num_routes":2},"geometry":{"type":"Point","coordinates":[-122.697909360519333,45.465724437272115]}},
{"type":"Feature","properties":{"stop_id":172,"routes":"[ 1 12 38 44 45 54 55]","num_routes":7},"geometry":{"type":"Point","coordinates":[-122.677739147967685,45.491191512293838]}},
{"type":"Feature","properties":{"stop_id":173,"routes":"[ 1 12 38 44 45 54 55]","num_routes":7},"geometry":{"type":"Point","coordinates":[-122.678580145596996,45.491042735792]}},
{"type":"Feature","properties":{"stop_id":174,"routes":"[ 1 12 44]","num_routes":3},"geometry":{"type":"Point","coordinates":[-122.681492171828395,45.502092640512927]}},
{"type":"Feature","properties":{"stop_id":175,"routes":"[ 1 12 44]","num_routes":3},"geometry":{"type":"Point","coordinates":[-122.682054300255331,45.502499961859321]}},
{"type":"Feature","properties":{"stop_id":176,"routes":"[ 1 12 44]","num_routes":3},"geometry":{"type":"Point","coordinates":[-122.678380072483094,45.496007497050371]}},
{"type":"Feature","properties":{"stop_id":177,"routes":"[ 1 12 44]","num_routes":3},"geometry":{"type":"Point","coordinates":[-122.67801874255953,45.495942347796252]}},
{"type":"Feature","properties":{"stop_id":180,"routes":"[12 39]","num_routes":2},"geometry":{"type":"Point","coordinates":[-122.694293609936381,45.467499020386747]}},
{"type":"Feature","properties":{"stop_id":181,"routes":"[ 1 12 38]","num_routes":3},"geometry":{"type":"Point","coordinates":[-122.679811790377272,45.476752386743861]}},
{"type":"Feature","properties":{"stop_id":182,"routes":"[ 1 12 38]","num_routes":3},"geometry":{"type":"Point","coordinates":[-122.679671470451538,45.477485993308889]}},
{"type":"Feature","properties":{"stop_id":187,"routes":"[12 43]","num_routes":2},"geometry":{"type":"Point","coordinates":[-122.708479722107271,45.459635909507938]}},
{"type":"Feature","properties":{"stop_id":191,"routes":"[ 1 12 38 39 51]","num_routes":5},"geometry":{"type":"Point","coordinates":[-122.686172731233171,45.471222257429567]}},
{"type":"Feature","properties":{"stop_id":193,"routes":"[ 1 12 38 39 51]","num_routes":5},"geometry":{"type":"Point","coordinates":[-122.684990116079064,45.470924708199838]}},
{"type":"Feature","properties":{"stop_id":195,"routes":"[ 1 12 44]","num_routes":3},"geometry":{"type":"Point","coordinates":[-122.67979187616443,45.499057014584373]}},
{"type":"Feature","properties":{"stop_id":196,"routes":"[ 1 12 44]","num_routes":3},"geometry":{"type":"Point","coordinates":[-122.679826584383207,45.4986070754439]}},
{"type":"Feature","properties":{"stop_id":199,"routes":"[ 1 12 39 43 51]","num_routes":5},"geometry":{"type":"Point","coordinates":[-122.689616176890809,45.470473744218921]}},
{"type":"Feature","properties":{"stop_id":200,"routes":"[12 39]","num_routes":2},"geometry":{"type":"Point","coordinates":[-122.692540091189528,45.468804548848716]}},
{"type":"Feature","properties":{"stop_id":201,"routes":"[12 39]","num_routes":2},"geometry":{"type":"Point","coordinates":[-122.695639521614311,45.467027116110835]}},
{"type":"Feature","properties":{"stop_id":202,"routes":"[12 39]","num_routes":2},"geometry":{"type":"Point","coordinates":[-122.697586559711723,45.465590035620863]}},
{"type":"Feature","properties":{"stop_id":203,"routes":"[ 1 12 38]","num_routes":3},"geometry":{"type":"Point","coordinates":[-122.680589293161077,45.471454437577684]}},
{"type":"Feature","properties":{"stop_id":207,"routes":"[ 1 12 38]","num_routes":3},"geometry":{"type":"Point","coordinates":[-122.680925336331285,45.471572946064185]}},
{"type":"Feature","properties":{"stop_id":208,"routes":"[12 43]","num_routes":2},"geometry":{"type":"Point","coordinates":[-122.707447172689882,45.459918161857466]}},
{"type":"Feature","properties":{"stop_id":212,"routes":"[12 39 43]","num_routes":3},"geometry":{"type":"Point","coordinates":[-122.717404183181742,45.454557204833783]}},
{"type":"Feature","properties":{"stop_id":275,"routes":"[52 88]","num_routes":2},"geometry":{"type":"Point","coordinates":[-122.868309497637668,45.515985554989491]}},
{"type":"Feature","properties":{"stop_id":280,"routes":"[47 48 57]","num_routes":3},"geometry":{"type":"Point","coordinates":[-122.987861545006893,45.520173048944812]}},
{"type":"Feature","properties":{"stop_id":307,"routes":"[47 48 57]","num_routes":3},"geometry":{"type":"Point","coordinates":[-122.982421811155405,45.5201189993913]}},
{"type":"Feature","properties":{"stop_id":308,"routes":"[ 47  48  57 288]","num_routes":4},"geometry":{"type":"Point","coordinates":[-122.97866456510873,45.520086180421949]}},
{"type":"Feature","properties":{"stop_id":310,"routes":"[47 48 57]","num_routes":3},"geometry":{"type":"Point","coordinates":[-122.97540481168194,45.52006642892065]}},
{"type":"Feature","properties":{"stop_id":325,"routes":"[54 56]","num_routes":2},"geometry":{"type":"Point","coordinates":[-122.704140442116952,45.480226812430374]}},
{"type":"Feature","properties":{"stop_id":326,"routes":"[54 56]","num_routes":2},"geometry":{"type":"Point","coordinates":[-122.714827683646973,45.483602524916293]}},
{"type":"Feature","properties":{"stop_id":327,"routes":"[54 56]","num_routes":2},"geometry":{"type":"Point","coordinates":[-122.714835051211907,45.483856490693242]}},
{"type":"Feature","properties":{"stop_id":328,"routes":"[54 56]","num_routes":2},"geometry":{"type":"Point","coordinates":[-122.737834573774464,45.486953456285192]}},
{"type":"Feature","properties":{"stop_id":329,"routes":"[54 56]","num_routes":2},"geometry":{"type":"Point","coordinates":[-122.740354655820326,45.487192193025841]}},
{"type":"Feature","properties":{"stop_id":331,"routes":"[54 55]","num_routes":2},"geometry":{"type":"Point","coordinates":[-122.752037293820649,45.485998271305583]}},
{"type":"Feature","properties":{"stop_id":332,"routes":"[54 55]","num_routes":2},"geometry":{"type":"Point","coordinates":[-122.753454885330825,45.486168146614673]}},
{"type":"Feature","properties":{"stop_id":333,"routes":"[54 55]","num_routes":2},"geometry":{"type":"Point","coordinates":[-122.755304458742572,45.486024603114174]}},
{"type":"Feature","properties":{"stop_id":336,"routes":"[54 56]","num_routes":2},"geometry":{"type":"Point","coordinates":[-122.700848403950744,45.479165689640773]}},
{"type":"Feature","properties":{"stop_id":340,"routes":"[54 56]","num_routes":2},"geometry":{"type":"Point","coordinates":[-122.707521119518702,45.481634083005687]}},
{"type":"Feature","properties":{"stop_id":341,"routes":"[53 54]","num_routes":2},"geometry":{"type":"Point","coordinates":[-122.796765524599721,45.486626137451523]}},
{"type":"Feature","properties":{"stop_id":342,"routes":"[53 54]","num_routes":2},"geometry":{"type":"Point","coordinates":[-122.797069922294426,45.486427613528789]}},
{"type":"Feature","properties":{"stop_id":346,"routes":"[54 55]","num_routes":2},"geometry":{"type":"Point","coordinates":[-122.760730324371266,45.48631034350749]}},
{"type":"Feature","properties":{"stop_id":347,"routes":"[54 55]","num_routes":2},"geometry":{"type":"Point","coordinates":[-122.761157398844148,45.4861437855795]}},
{"type":"Feature","properties":{"stop_id":348,"routes":"[54 55 56]","num_routes":3},"geometry":{"type":"Point","coordinates":[-122.748428564696511,45.486138314606229]}},
{"type":"Feature","properties":{"stop_id":350,"routes":"[54 55 56]","num_routes":3},"geometry":{"type":"Point","coordinates":[-122.747954536805494,45.486473494992914]}},
{"type":"Feature","properties":{"stop_id":351,"routes":"[54 56]","num_routes":2},"geometry":{"type":"Point","coordinates":[-122.732199767948629,45.486935444766168]}},
{"type":"Feature","properties":{"stop_id":352,"routes":"[54 56]","num_routes":2},"geometry":{"type":"Point","coordinates":[-122.731840550171682,45.487184561161797]}},
{"type":"Feature","properties":{"stop_id":363,"routes":"[39 43 44 45 54 56]","num_routes":6},"geometry":{"type":"Point","coordinates":[-122.69743550589817,45.478213665170166]}},
{"type":"Feature","properties":{"stop_id":364,"routes":"[54 56]","num_routes":2},"geometry":{"type":"Point","coordinates":[-122.702206871276189,45.479875317653004]}},
{"type":"Feature","properties":{"stop_id":365,"routes":"[54 56]","num_routes":2},"geometry":{"type":"Point","coordinates":[-122.702279960609658,45.480093187034662]}},
{"type":"Feature","properties":{"stop_id":366,"routes":"[54 56]","num_routes":2},"geometry":{"type":"Point","coordinates":[-122.704180894252019,45.480458542510775]}},
{"type":"Feature","properties":{"stop_id":367,"routes":"[54 56]","num_routes":2},"geometry":{"type":"Point","coordinates":[-122.707958510688727,45.481506478117325]}},
{"type":"Feature","properties":{"stop_id":368,"routes":"[54 56]","num_routes":2},"geometry":{"type":"Point","coordinates":[-122.710528232529413,45.48176823509818]}},
{"type":"Feature","properties":{"stop_id":369,"routes":"[54 56]","num_routes":2},"geometry":{"type":"Point","coordinates":[-122.712740831665073,45.482677499639713]}},
{"type":"Feature","properties":{"stop_id":370,"routes":"[54 56]","num_routes":2},"geometry":{"type":"Point","coordinates":[-122.712671571959717,45.482902180414143]}},
{"type":"Feature","properties":{"stop_id":371,"routes":"[54 56]","num_routes":2},"geometry":{"type":"Point","coordinates":[-122.717411758238484,45.484744199654038]}},
{"type":"Feature","properties":{"stop_id":372,"routes":"[54 56]","num_routes":2},"geometry":{"type":"Point","coordinates":[-122.716465600407645,45.484589889018004]}},
{"type":"Feature","properties":{"stop_id":373,"routes":"[54 56]","num_routes":2},"geometry":{"type":"Point","coordinates":[-122.719895687491515,45.485369902112971]}},
{"type":"Feature","properties":{"stop_id":374,"routes":"[54 56]","num_routes":2},"geometry":{"type":"Point","coordinates":[-122.719707191405561,45.48556911757133]}},
{"type":"Feature","properties":{"stop_id":375,"routes":"[54 56]","num_routes":2},"geometry":{"type":"Point","coordinates":[-122.722190018458775,45.485584848763175]}},
{"type":"Feature","properties":{"stop_id":376,"routes":"[54 56]","num_routes":2},"geometry":{"type":"Point","coordinates":[-122.723036949116391,45.485877220864737]}},
{"type":"Feature","properties":{"stop_id":377,"routes":"[54 56]","num_routes":2},"geometry":{"type":"Point","coordinates":[-122.728448802591217,45.486921954176722]}},
{"type":"Feature","properties":{"stop_id":378,"routes":"[54 56]","num_routes":2},"geometry":{"type":"Point","coordinates":[-122.728442690748409,45.487112309422933]}},
{"type":"Feature","properties":{"stop_id":379,"routes":"[54 56]","num_routes":2},"geometry":{"type":"Point","coordinates":[-122.734916714259811,45.486936478439858]}},
{"type":"Feature","properties":{"stop_id":380,"routes":"[54 56]","num_routes":2},"geometry":{"type":"Point","coordinates":[-122.735375847990966,45.487152982811288]}},
{"type":"Feature","properties":{"stop_id":381,"routes":"[54 56]","num_routes":2},"geometry":{"type":"Point","coordinates":[-122.737695183660108,45.487178233147397]}},
{"type":"Feature","properties":{"stop_id":382,"routes":"[54 56]","num_routes":2},"geometry":{"type":"Point","coordinates":[-122.740483740673966,45.486965847644619]}},
{"type":"Feature","properties":{"stop_id":383,"routes":"[54 56]","num_routes":2},"geometry":{"type":"Point","coordinates":[-122.744414047283044,45.486961185702455]}},
{"type":"Feature","properties":{"stop_id":384,"routes":"[54 56]","num_routes":2},"geometry":{"type":"Point","coordinates":[-122.743964858291434,45.487222655113442]}},
{"type":"Feature","properties":{"stop_id":385,"routes":"[54 55]","num_routes":2},"geometry":{"type":"Point","coordinates":[-122.756791291762667,45.486265571406726]}},
{"type":"Feature","properties":{"stop_id":386,"routes":"[54 55]","num_routes":2},"geometry":{"type":"Point","coordinates":[-122.757149471422238,45.486058279924677]}},
{"type":"Feature","properties":{"stop_id":400,"routes":"[15 70]","num_routes":2},"geometry":{"type":"Point","coordinates":[-122.654362744076167,45.516438010465556]}},
{"type":"Feature","properties":{"stop_id":427,"routes":"[15 75]","num_routes":2},"geometry":{"type":"Point","coordinates":[-122.622232475288399,45.516509365945041]}},
{"type":"Feature","properties":{"stop_id":428,"routes":"[15 75]","num_routes":2},"geometry":{"type":"Point","coordinates":[-122.622539867039563,45.516648043021114]}},
{"type":"Feature","properties":{"stop_id":450,"routes":"[15 71]","num_routes":2},"geometry":{"type":"Point","coordinates":[-122.601709118385429,45.516703853929748]}},
{"type":"Feature","properties":{"stop_id":451,"routes":"[15 71]","num_routes":2},"geometry":{"type":"Point","coordinates":[-122.601762391812684,45.516823284903388]}},
{"type":"Feature","properties":{"stop_id":467,"routes":"[ 1 43]","num_routes":2},"geometry":{"type":"Point","coordinates":[-122.693614965524645,45.470923591760346]}},
{"type":"Feature","properties":{"stop_id":492,"routes":"[38 39]","num_routes":2},"geometry":{"type":"Point","coordinates":[-122.686642028200893,45.443676326096472]}},
{"type":"Feature","properties":{"stop_id":495,"routes":"[76 96]","num_routes":2},"geometry":{"type":"Point","coordinates":[-122.757282422382147,45.387051779861551]}},
{"type":"Feature","properties":{"stop_id":496,"routes":"[76 96]","num_routes":2},"geometry":{"type":"Point","coordinates":[-122.756968143442876,45.387044216853546]}},
{"type":"Feature","properties":{"stop_id":506,"routes":"[38 39]","num_routes":2},"geometry":{"type":"Point","coordinates":[-122.687164513506332,45.446370662938527]}},
{"type":"Feature","properties":{"stop_id":507,"routes":"[38 39]","num_routes":2},"geometry":{"type":"Point","coordinates":[-122.686998602899351,45.446440018737704]}},
{"type":"Feature","properties":{"stop_id":513,"routes":"[76 96]","num_routes":2},"geometry":{"type":"Point","coordinates":[-122.753077127070895,45.39004794764454]}},
{"type":"Feature","properties":{"stop_id":514,"routes":"[76 96]","num_routes":2},"geometry":{"type":"Point","coordinates":[-122.753359605756302,45.390083424888857]}},
{"type":"Feature","properties":{"stop_id":516,"routes":"[38 39]","num_routes":2},"geometry":{"type":"Point","coordinates":[-122.686291007268252,45.448920269380118]}},
{"type":"Feature","properties":{"stop_id":517,"routes":"[38 39]","num_routes":2},"geometry":{"type":"Point","coordinates":[-122.686137806853154,45.448881236308615]}},
{"type":"Feature","properties":{"stop_id":520,"routes":"[38 39]","num_routes":2},"geometry":{"type":"Point","coordinates":[-122.686817135226988,45.442771820098976]}},
{"type":"Feature","properties":{"stop_id":536,"routes":"[37 38]","num_routes":2},"geometry":{"type":"Point","coordinates":[-122.715472732726852,45.416463158983397]}},
{"type":"Feature","properties":{"stop_id":537,"routes":"[76 96]","num_routes":2},"geometry":{"type":"Point","coordinates":[-122.751112288350356,45.39140858243114]}},
{"type":"Feature","properties":{"stop_id":545,"routes":"[38 39]","num_routes":2},"geometry":{"type":"Point","coordinates":[-122.686329707852991,45.444776020780779]}},
{"type":"Feature","properties":{"stop_id":553,"routes":"[37 38]","num_routes":2},"geometry":{"type":"Point","coordinates":[-122.710908468781113,45.421275608165246]}},
{"type":"Feature","properties":{"stop_id":554,"routes":"[37 38]","num_routes":2},"geometry":{"type":"Point","coordinates":[-122.710418944283759,45.421385388319997]}},
{"type":"Feature","properties":{"stop_id":558,"routes":"[76 96]","num_routes":2},"geometry":{"type":"Point","coordinates":[-122.752035243072754,45.390983677859943]}},
{"type":"Feature","properties":{"stop_id":564,"routes":"[37 38]","num_routes":2},"geometry":{"type":"Point","coordinates":[-122.714866782686187,45.416711245174895]}},
{"type":"Feature","properties":{"stop_id":565,"routes":"[38 39]","num_routes":2},"geometry":{"type":"Point","coordinates":[-122.686388563387439,45.43969086284303]}},
{"type":"Feature","properties":{"stop_id":566,"routes":"[38 39]","num_routes":2},"geometry":{"type":"Point","coordinates":[-122.687122551180281,45.439571925373635]}},
{"type":"Feature","properties":{"stop_id":568,"routes":"[37 38]","num_routes":2},"geometry":{"type":"Point","coordinates":[-122.713627958997733,45.418328168864321]}},
{"type":"Feature","properties":{"stop_id":569,"routes":"[37 38]","num_routes":2},"geometry":{"type":"Point","coordinates":[-122.71272627210962,45.418805629116967]}},
{"type":"Feature","properties":{"stop_id":570,"routes":"[76 96]","num_routes":2},"geometry":{"type":"Point","coordinates":[-122.755071859038097,45.389246695060613]}},
{"type":"Feature","properties":{"stop_id":583,"routes":"[38 39]","num_routes":2},"geometry":{"type":"Point","coordinates":[-122.683285889626191,45.45185432071186]}},
{"type":"Feature","properties":{"stop_id":584,"routes":"[38 39]","num_routes":2},"geometry":{"type":"Point","coordinates":[-122.683217101185832,45.451757113474308]}},
{"type":"Feature","properties":{"stop_id":611,"routes":"[ 17 194 195]","num_routes":3},"geometry":{"type":"Point","coordinates":[-122.669919156547934,45.53403802112274]}},
{"type":"Feature","properties":{"stop_id":627,"routes":"[ 4 17 44]","num_routes":3},"geometry":{"type":"Point","coordinates":[-122.667518115869882,45.535203412080449]}},
{"type":"Feature","properties":{"stop_id":629,"routes":"[17 77]","num_routes":2},"geometry":{"type":"Point","coordinates":[-122.653416349518082,45.535114700438903]}},
{"type":"Feature","properties":{"stop_id":631,"routes":"[ 8 17 77]","num_routes":3},"geometry":{"type":"Point","coordinates":[-122.649961859896976,45.535099581797382]}},
{"type":"Feature","properties":{"stop_id":633,"routes":"[ 17 194 195]","num_routes":3},"geometry":{"type":"Point","coordinates":[-122.663525297535514,45.535174654376327]}},
{"type":"Feature","properties":{"stop_id":634,"routes":"[17 70 77]","num_routes":3},"geometry":{"type":"Point","coordinates":[-122.6451925811254,45.53511068624163]}},
{"type":"Feature","properties":{"stop_id":635,"routes":"[17 70 77]","num_routes":3},"geometry":{"type":"Point","coordinates":[-122.641620876526474,45.535131306849408]}},
{"type":"Feature","properties":{"stop_id":638,"routes":"[70 77]","num_routes":2},"geometry":{"type":"Point","coordinates":[-122.636394087139379,45.535077905870743]}},
{"type":"Feature","properties":{"stop_id":639,"routes":"[70 77]","num_routes":2},"geometry":{"type":"Point","coordinates":[-122.636609923299048,45.5352673542247]}},
{"type":"Feature","properties":{"stop_id":642,"routes":"[70 77]","num_routes":2},"geometry":{"type":"Point","coordinates":[-122.632713538764605,45.5350856870595]}},
{"type":"Feature","properties":{"stop_id":644,"routes":"[70 77]","num_routes":2},"geometry":{"type":"Point","coordinates":[-122.631164401750908,45.535247869414761]}},
{"type":"Feature","properties":{"stop_id":654,"routes":"[ 1  8 12 44]","num_routes":4},"geometry":{"type":"Point","coordinates":[-122.683487993592436,45.506707488386034]}},
{"type":"Feature","properties":{"stop_id":689,"routes":"[12 16 19 20]","num_routes":4},"geometry":{"type":"Point","coordinates":[-122.67102190088157,45.523256016887949]}},
{"type":"Feature","properties":{"stop_id":704,"routes":"[  6  12  19  20 194 195]","num_routes":6},"geometry":{"type":"Point","coordinates":[-122.660925578810932,45.522874736198396]}},
{"type":"Feature","properties":{"stop_id":712,"routes":"[18 20]","num_routes":2},"geometry":{"type":"Point","coordinates":[-122.710736561692045,45.523024851274009]}},
{"type":"Feature","properties":{"stop_id":713,"routes":"[18 20]","num_routes":2},"geometry":{"type":"Point","coordinates":[-122.710145886888299,45.523442503413889]}},
{"type":"Feature","properties":{"stop_id":718,"routes":"[15 18 20]","num_routes":3},"geometry":{"type":"Point","coordinates":[-122.696994544074798,45.523293043816146]}},
{"type":"Feature","properties":{"stop_id":735,"routes":"[15 18 20]","num_routes":3},"geometry":{"type":"Point","coordinates":[-122.689973828739198,45.523093605614072]}},
{"type":"Feature","properties":{"stop_id":742,"routes":"[15 18 20]","num_routes":3},"geometry":{"type":"Point","coordinates":[-122.692854966908939,45.523221015653945]}},
{"type":"Feature","properties":{"stop_id":747,"routes":"[15 18 20]","num_routes":3},"geometry":{"type":"Point","coordinates":[-122.694968350436667,45.523322053268991]}},
{"type":"Feature","properties":{"stop_id":749,"routes":"[15 18 20]","num_routes":3},"geometry":{"type":"Point","coordinates":[-122.694503035061487,45.523150969362668]}},
{"type":"Feature","properties":{"stop_id":755,"routes":"[15 18 20]","num_routes":3},"geometry":{"type":"Point","coordinates":[-122.698009702948099,45.523496922365297]}},
{"type":"Feature","properties":{"stop_id":770,"routes":"[20 75]","num_routes":2},"geometry":{"type":"Point","coordinates":[-122.623224278403427,45.523451344801629]}},
{"type":"Feature","properties":{"stop_id":771,"routes":"[20 75]","num_routes":2},"geometry":{"type":"Point","coordinates":[-122.62287626522351,45.523605462235274]}},
{"type":"Feature","properties":{"stop_id":782,"routes":"[  4   8   9  12  17  19  20  35  40  44  54 190 200 287 288 290 291 292\n 293]","num_routes":19},"geometry":{"type":"Point","coordinates":[-122.67590740869575,45.523178743415585]}},
{"type":"Feature","properties":{"stop_id":793,"routes":"[20 71]","num_routes":2},"geometry":{"type":"Point","coordinates":[-122.602622399791031,45.522799319869058]}},
{"type":"Feature","properties":{"stop_id":794,"routes":"[20 71]","num_routes":2},"geometry":{"type":"Point","coordinates":[-122.602169543654796,45.522954703411507]}},
{"type":"Feature","properties":{"stop_id":813,"routes":"[20 72]","num_routes":2},"geometry":{"type":"Point","coordinates":[-122.579506278531014,45.522734368326972]}},
{"type":"Feature","properties":{"stop_id":814,"routes":"[20 72]","num_routes":2},"geometry":{"type":"Point","coordinates":[-122.578866541347892,45.522863168325017]}},
{"type":"Feature","properties":{"stop_id":820,"routes":"[12 19 20]","num_routes":3},"geometry":{"type":"Point","coordinates":[-122.657857920997287,45.522856613336877]}},
{"type":"Feature","properties":{"stop_id":852,"routes":"[ 19 291]","num_routes":2},"geometry":{"type":"Point","coordinates":[-122.6423916872901,45.474042236035224]}},
{"type":"Feature","properties":{"stop_id":853,"routes":"[ 19 291]","num_routes":2},"geometry":{"type":"Point","coordinates":[-122.642708122130344,45.474150120250087]}},
{"type":"Feature","properties":{"stop_id":855,"routes":"[ 19 291]","num_routes":2},"geometry":{"type":"Point","coordinates":[-122.641289169441691,45.474239859260123]}},
{"type":"Feature","properties":{"stop_id":868,"routes":"[ 8 43 56]","num_routes":3},"geometry":{"type":"Point","coordinates":[-122.684294616153963,45.49814243453288]}},
{"type":"Feature","properties":{"stop_id":923,"routes":"[12 39 44]","num_routes":3},"geometry":{"type":"Point","coordinates":[-122.721454946039401,45.452936125926385]}},
{"type":"Feature","properties":{"stop_id":925,"routes":"[39 43 44 45 54 56]","num_routes":6},"geometry":{"type":"Point","coordinates":[-122.696381946204042,45.478085589026485]}},
{"type":"Feature","properties":{"stop_id":929,"routes":"[39 43 44 45 51 54 55 56]","num_routes":8},"geometry":{"type":"Point","coordinates":[-122.692870821547245,45.478796891712442]}},
{"type":"Feature","properties":{"stop_id":930,"routes":"[43 44]","num_routes":2},"geometry":{"type":"Point","coordinates":[-122.720458277677139,45.454761511505936]}},
{"type":"Feature","properties":{"stop_id":939,"routes":"[44 45]","num_routes":2},"geometry":{"type":"Point","coordinates":[-122.716496140358316,45.466640262921665]}},
{"type":"Feature","properties":{"stop_id":942,"routes":"[ 1 44 45]","num_routes":3},"geometry":{"type":"Point","coordinates":[-122.701614398235193,45.476690560002879]}},
{"type":"Feature","properties":{"stop_id":943,"routes":"[ 1 44 45]","num_routes":3},"geometry":{"type":"Point","coordinates":[-122.701740015654551,45.476751990457934]}},
{"type":"Feature","properties":{"stop_id":955,"routes":"[39 43 44 45 51 54 55 56]","num_routes":8},"geometry":{"type":"Point","coordinates":[-122.693233719782029,45.478901627942996]}},
{"type":"Feature","properties":{"stop_id":956,"routes":"[39 43 44 45 51 54 55 56]","num_routes":8},"geometry":{"type":"Point","coordinates":[-122.687295348499703,45.4800466334272]}},
{"type":"Feature","properties":{"stop_id":957,"routes":"[39 43 44 45 51 54 55 56]","num_routes":8},"geometry":{"type":"Point","coordinates":[-122.687351017192057,45.480281675322594]}},
{"type":"Feature","properties":{"stop_id":963,"routes":"[44 45]","num_routes":2},"geometry":{"type":"Point","coordinates":[-122.699266567132497,45.47765666103583]}},
{"type":"Feature","properties":{"stop_id":964,"routes":"[44 45]","num_routes":2},"geometry":{"type":"Point","coordinates":[-122.699769692789033,45.477694381300076]}},
{"type":"Feature","properties":{"stop_id":965,"routes":"[ 1 44 45]","num_routes":3},"geometry":{"type":"Point","coordinates":[-122.70349558501681,45.476001235752179]}},
{"type":"Feature","properties":{"stop_id":966,"routes":"[ 1 44 45]","num_routes":3},"geometry":{"type":"Point","coordinates":[-122.704202541628391,45.476132661504522]}},
{"type":"Feature","properties":{"stop_id":972,"routes":"[44 45]","num_routes":2},"geometry":{"type":"Point","coordinates":[-122.712987718729153,45.46799412438159]}},
{"type":"Feature","properties":{"stop_id":989,"routes":"[33 71 72]","num_routes":3},"geometry":{"type":"Point","coordinates":[-122.578614297951518,45.441370264096996]}},
{"type":"Feature","properties":{"stop_id":1019,"routes":"[20 59]","num_routes":2},"geometry":{"type":"Point","coordinates":[-122.796021521623217,45.507532562025631]}},
{"type":"Feature","properties":{"stop_id":1020,"routes":"[20 59]","num_routes":2},"geometry":{"type":"Point","coordinates":[-122.796396151344013,45.507381164524041]}},
{"type":"Feature","properties":{"stop_id":1041,"routes":"[40 72]","num_routes":2},"geometry":{"type":"Point","coordinates":[-122.703974341196584,45.556629366611126]}},
{"type":"Feature","properties":{"stop_id":1050,"routes":"[ 4 35]","num_routes":2},"geometry":{"type":"Point","coordinates":[-122.708064059395085,45.584549799978319]}},
{"type":"Feature","properties":{"stop_id":1051,"routes":"[ 1 39 43]","num_routes":3},"geometry":{"type":"Point","coordinates":[-122.694531090715103,45.472658002329716]}},
{"type":"Feature","properties":{"stop_id":1068,"routes":"[32 33]","num_routes":2},"geometry":{"type":"Point","coordinates":[-122.575227264554769,45.321966299997811]}},
{"type":"Feature","properties":{"stop_id":1097,"routes":"[  4   8  44  77  90 100 190 200 287 288 292]","num_routes":11},"geometry":{"type":"Point","coordinates":[-122.665660281023804,45.530674442650273]}},
{"type":"Feature","properties":{"stop_id":1108,"routes":"[ 6 38 45 55 58 96]","num_routes":6},"geometry":{"type":"Point","coordinates":[-122.683261946910406,45.514924444689932]}},
{"type":"Feature","properties":{"stop_id":1111,"routes":"[ 6 45 55 58]","num_routes":4},"geometry":{"type":"Point","coordinates":[-122.686862166628302,45.515876623028575]}},
{"type":"Feature","properties":{"stop_id":1114,"routes":"[  6  24  51  58  90 100 287 288 292]","num_routes":9},"geometry":{"type":"Point","coordinates":[-122.693113450498927,45.517586828906659]}},
{"type":"Feature","properties":{"stop_id":1122,"routes":"[12 43 76 78]","num_routes":4},"geometry":{"type":"Point","coordinates":[-122.766462081162189,45.428665108319727]}},
{"type":"Feature","properties":{"stop_id":1123,"routes":"[12 43 76 78]","num_routes":4},"geometry":{"type":"Point","coordinates":[-122.766618996122361,45.428576009477197]}},
{"type":"Feature","properties":{"stop_id":1162,"routes":"[48 62]","num_routes":2},"geometry":{"type":"Point","coordinates":[-122.810221084422835,45.525028733076653]}},
{"type":"Feature","properties":{"stop_id":1163,"routes":"[48 62]","num_routes":2},"geometry":{"type":"Point","coordinates":[-122.812799879272802,45.52568560859676]}},
{"type":"Feature","properties":{"stop_id":1171,"routes":"[48 62]","num_routes":2},"geometry":{"type":"Point","coordinates":[-122.808585058700672,45.524867255986585]}},
{"type":"Feature","properties":{"stop_id":1172,"routes":"[48 62]","num_routes":2},"geometry":{"type":"Point","coordinates":[-122.812083364498477,45.525526960972464]}},
{"type":"Feature","properties":{"stop_id":1182,"routes":"[48 62]","num_routes":2},"geometry":{"type":"Point","coordinates":[-122.807203834355803,45.52536990450254]}},
{"type":"Feature","properties":{"stop_id":1183,"routes":"[48 62]","num_routes":2},"geometry":{"type":"Point","coordinates":[-122.806797943980484,45.525227786068605]}},
{"type":"Feature","properties":{"stop_id":1219,"routes":"[37 78]","num_routes":2},"geometry":{"type":"Point","coordinates":[-122.683230319715207,45.423086221041125]}},
{"type":"Feature","properties":{"stop_id":1220,"routes":"[38 78]","num_routes":2},"geometry":{"type":"Point","coordinates":[-122.707620930604193,45.424535882186028]}},
{"type":"Feature","properties":{"stop_id":1221,"routes":"[37 78]","num_routes":2},"geometry":{"type":"Point","coordinates":[-122.679195507227533,45.423086242688647]}},
{"type":"Feature","properties":{"stop_id":1222,"routes":"[37 78]","num_routes":2},"geometry":{"type":"Point","coordinates":[-122.679129384167922,45.422855582175877]}},
{"type":"Feature","properties":{"stop_id":1223,"routes":"[37 78]","num_routes":2},"geometry":{"type":"Point","coordinates":[-122.688860331215537,45.423190356168888]}},
{"type":"Feature","properties":{"stop_id":1224,"routes":"[37 78]","num_routes":2},"geometry":{"type":"Point","coordinates":[-122.689298115114241,45.422971755290689]}},
{"type":"Feature","properties":{"stop_id":1225,"routes":"[37 78]","num_routes":2},"geometry":{"type":"Point","coordinates":[-122.701293366965373,45.4245476026381]}},
{"type":"Feature","properties":{"stop_id":1226,"routes":"[37 78]","num_routes":2},"geometry":{"type":"Point","coordinates":[-122.702559263837799,45.42516839530596]}},
{"type":"Feature","properties":{"stop_id":1227,"routes":"[37 78]","num_routes":2},"geometry":{"type":"Point","coordinates":[-122.692905299773216,45.42320743968601]}},
{"type":"Feature","properties":{"stop_id":1228,"routes":"[37 78]","num_routes":2},"geometry":{"type":"Point","coordinates":[-122.693155800394209,45.422991962261406]}},
{"type":"Feature","properties":{"stop_id":1229,"routes":"[37 78]","num_routes":2},"geometry":{"type":"Point","coordinates":[-122.704829705162012,45.425244557870101]}},
{"type":"Feature","properties":{"stop_id":1230,"routes":"[37 78]","num_routes":2},"geometry":{"type":"Point","coordinates":[-122.705215549372639,45.424918434881462]}},
{"type":"Feature","properties":{"stop_id":1231,"routes":"[37 78]","num_routes":2},"geometry":{"type":"Point","coordinates":[-122.695322653625368,45.423301370791165]}},
{"type":"Feature","properties":{"stop_id":1232,"routes":"[37 78]","num_routes":2},"geometry":{"type":"Point","coordinates":[-122.695804568550301,45.423170513201192]}},
{"type":"Feature","properties":{"stop_id":1233,"routes":"[37 78]","num_routes":2},"geometry":{"type":"Point","coordinates":[-122.697666275163414,45.423854391546499]}},
{"type":"Feature","properties":{"stop_id":1234,"routes":"[37 78]","num_routes":2},"geometry":{"type":"Point","coordinates":[-122.698275037741581,45.423785665174002]}},
{"type":"Feature","properties":{"stop_id":1259,"routes":"[31 34]","num_routes":2},"geometry":{"type":"Point","coordinates":[-122.594485628911229,45.380409351518054]}},
{"type":"Feature","properties":{"stop_id":1264,"routes":"[ 8 75]","num_routes":2},"geometry":{"type":"Point","coordinates":[-122.652731564796483,45.571708983232718]}},
{"type":"Feature","properties":{"stop_id":1265,"routes":"[ 8 75]","num_routes":2},"geometry":{"type":"Point","coordinates":[-122.656263480929681,45.571720180928544]}},
{"type":"Feature","properties":{"stop_id":1267,"routes":"[ 8 75]","num_routes":2},"geometry":{"type":"Point","coordinates":[-122.655824741098783,45.571840770880044]}},
{"type":"Feature","properties":{"stop_id":1273,"routes":"[ 6  8 75]","num_routes":3},"geometry":{"type":"Point","coordinates":[-122.660866705609507,45.571861502314874]}},
{"type":"Feature","properties":{"stop_id":1275,"routes":"[ 8 75]","num_routes":2},"geometry":{"type":"Point","coordinates":[-122.652695553447231,45.571833482485367]}},
{"type":"Feature","properties":{"stop_id":1277,"routes":"[ 8 75]","num_routes":2},"geometry":{"type":"Point","coordinates":[-122.649924211953291,45.571925524110839]}},
{"type":"Feature","properties":{"stop_id":1278,"routes":"[ 8 75]","num_routes":2},"geometry":{"type":"Point","coordinates":[-122.650192701249154,45.571816832688334]}},
{"type":"Feature","properties":{"stop_id":1285,"routes":"[17 75]","num_routes":2},"geometry":{"type":"Point","coordinates":[-122.638021836829964,45.571943206297149]}},
{"type":"Feature","properties":{"stop_id":1286,"routes":"[17 75]","num_routes":2},"geometry":{"type":"Point","coordinates":[-122.638729251391155,45.571825073519776]}},
{"type":"Feature","properties":{"stop_id":1289,"routes":"[70 75]","num_routes":2},"geometry":{"type":"Point","coordinates":[-122.631604330841895,45.571948132650888]}},
{"type":"Feature","properties":{"stop_id":1290,"routes":"[70 75]","num_routes":2},"geometry":{"type":"Point","coordinates":[-122.63092103270013,45.571846137862487]}},
{"type":"Feature","properties":{"stop_id":1292,"routes":"[ 8 75]","num_routes":2},"geometry":{"type":"Point","coordinates":[-122.659240059266452,45.571867404776036]}},
{"type":"Feature","properties":{"stop_id":1293,"routes":"[ 8 75]","num_routes":2},"geometry":{"type":"Point","coordinates":[-122.659472945453601,45.571724484012286]}},
{"type":"Feature","properties":{"stop_id":1331,"routes":"[  2  21  82 287]","num_routes":4},"geometry":{"type":"Point","coordinates":[-122.435124828364422,45.504370114471833]}},
{"type":"Feature","properties":{"stop_id":1342,"routes":"[21 82]","num_routes":2},"geometry":{"type":"Point","coordinates":[-122.432634752543535,45.504562497463183]}},
{"type":"Feature","properties":{"stop_id":1348,"routes":"[21 82]","num_routes":2},"geometry":{"type":"Point","coordinates":[-122.430216094172408,45.504390441118851]}},
{"type":"Feature","properties":{"stop_id":1354,"routes":"[  2  21  82 287]","num_routes":4},"geometry":{"type":"Point","coordinates":[-122.434494690733985,45.504370093365331]}},
{"type":"Feature","properties":{"stop_id":1375,"routes":"[ 2 10]","num_routes":2},"geometry":{"type":"Point","coordinates":[-122.653372444171254,45.504804407525832]}},
{"type":"Feature","properties":{"stop_id":1379,"routes":"[ 2 73]","num_routes":2},"geometry":{"type":"Point","coordinates":[-122.537190559854892,45.503998372263808]}},
{"type":"Feature","properties":{"stop_id":1381,"routes":"[ 2 73]","num_routes":2},"geometry":{"type":"Point","coordinates":[-122.538397311775839,45.504224290044945]}},
{"type":"Feature","properties":{"stop_id":1400,"routes":"[ 2 86]","num_routes":2},"geometry":{"type":"Point","coordinates":[-122.511047442612281,45.504103266191834]}},
{"type":"Feature","properties":{"stop_id":1415,"routes":"[ 2 74]","num_routes":2},"geometry":{"type":"Point","coordinates":[-122.497077113807379,45.504447489251653]}},
{"type":"Feature","properties":{"stop_id":1416,"routes":"[ 2 74]","num_routes":2},"geometry":{"type":"Point","coordinates":[-122.496158735022618,45.504699134117367]}},
{"type":"Feature","properties":{"stop_id":1435,"routes":"[ 2 10 70]","num_routes":3},"geometry":{"type":"Point","coordinates":[-122.64598626243351,45.504775580170026]}},
{"type":"Feature","properties":{"stop_id":1441,"routes":"[ 2 10]","num_routes":2},"geometry":{"type":"Point","coordinates":[-122.639158083275859,45.504774663649137]}},
{"type":"Feature","properties":{"stop_id":1442,"routes":"[ 2 10]","num_routes":2},"geometry":{"type":"Point","coordinates":[-122.639926406612261,45.504864848330506]}},
{"type":"Feature","properties":{"stop_id":1458,"routes":"[ 2 75]","num_routes":2},"geometry":{"type":"Point","coordinates":[-122.622195106948169,45.504734199980376]}},
{"type":"Feature","properties":{"stop_id":1459,"routes":"[ 2 75]","num_routes":2},"geometry":{"type":"Point","coordinates":[-122.623054903368896,45.504851209194086]}},
{"type":"Feature","properties":{"stop_id":1496,"routes":"[ 9 10 17 19]","num_routes":4},"geometry":{"type":"Point","coordinates":[-122.658171224167447,45.506118873240609]}},
{"type":"Feature","properties":{"stop_id":1497,"routes":"[ 2 72]","num_routes":2},"geometry":{"type":"Point","coordinates":[-122.578239298006636,45.504635981879446]}},
{"type":"Feature","properties":{"stop_id":1499,"routes":"[ 2 72]","num_routes":2},"geometry":{"type":"Point","coordinates":[-122.579151812887858,45.505063041406942]}},
{"type":"Feature","properties":{"stop_id":1519,"routes":"[51 55]","num_routes":2},"geometry":{"type":"Point","coordinates":[-122.710295385646049,45.490482045851095]}},
{"type":"Feature","properties":{"stop_id":1528,"routes":"[19 71]","num_routes":2},"geometry":{"type":"Point","coordinates":[-122.60751862054326,45.475770647554725]}},
{"type":"Feature","properties":{"stop_id":1550,"routes":"[19 72]","num_routes":2},"geometry":{"type":"Point","coordinates":[-122.57940992473759,45.475808818595887]}},
{"type":"Feature","properties":{"stop_id":1551,"routes":"[19 72]","num_routes":2},"geometry":{"type":"Point","coordinates":[-122.580002017157398,45.475939220476121]}},
{"type":"Feature","properties":{"stop_id":1572,"routes":"[  2  21  82 100 287]","num_routes":5},"geometry":{"type":"Point","coordinates":[-122.435192578682447,45.505093051794546]}},
{"type":"Feature","properties":{"stop_id":1579,"routes":"[ 21 100]","num_routes":2},"geometry":{"type":"Point","coordinates":[-122.435437679845791,45.50586172025352]}},
{"type":"Feature","properties":{"stop_id":1580,"routes":"[ 9 82]","num_routes":2},"geometry":{"type":"Point","coordinates":[-122.438107954546453,45.496963563927572]}},
{"type":"Feature","properties":{"stop_id":1581,"routes":"[ 9 82]","num_routes":2},"geometry":{"type":"Point","coordinates":[-122.438415559928444,45.497331654216374]}},
{"type":"Feature","properties":{"stop_id":1596,"routes":"[10 14]","num_routes":2},"geometry":{"type":"Point","coordinates":[-122.57718448426499,45.482300870935184]}},
{"type":"Feature","properties":{"stop_id":1598,"routes":"[10 14]","num_routes":2},"geometry":{"type":"Point","coordinates":[-122.574809436124525,45.482286885039848]}},
{"type":"Feature","properties":{"stop_id":1600,"routes":"[10 14]","num_routes":2},"geometry":{"type":"Point","coordinates":[-122.574237520467847,45.482242351934417]}},
{"type":"Feature","properties":{"stop_id":1611,"routes":"[24 26 77]","num_routes":3},"geometry":{"type":"Point","coordinates":[-122.690515777166269,45.524905374688721]}},
{"type":"Feature","properties":{"stop_id":1612,"routes":"[  4   8  16  17  35  40  44  77  90 100 287 288 292]","num_routes":13},"geometry":{"type":"Point","coordinates":[-122.67260135937299,45.525242131549568]}},
{"type":"Feature","properties":{"stop_id":1642,"routes":"[52 88]","num_routes":2},"geometry":{"type":"Point","coordinates":[-122.864443818647672,45.476591125550073]}},
{"type":"Feature","properties":{"stop_id":1648,"routes":"[52 76]","num_routes":2},"geometry":{"type":"Point","coordinates":[-122.803836075251951,45.487003321234063]}},
{"type":"Feature","properties":{"stop_id":1651,"routes":"[52 88]","num_routes":2},"geometry":{"type":"Point","coordinates":[-122.855986397206067,45.480604818581419]}},
{"type":"Feature","properties":{"stop_id":1652,"routes":"[52 88]","num_routes":2},"geometry":{"type":"Point","coordinates":[-122.855617274377664,45.480550109770213]}},
{"type":"Feature","properties":{"stop_id":1657,"routes":"[52 88]","num_routes":2},"geometry":{"type":"Point","coordinates":[-122.858194584465295,45.479573119141222]}},
{"type":"Feature","properties":{"stop_id":1658,"routes":"[52 88]","num_routes":2},"geometry":{"type":"Point","coordinates":[-122.858055011882584,45.479396059399711]}},
{"type":"Feature","properties":{"stop_id":1660,"routes":"[52 62]","num_routes":2},"geometry":{"type":"Point","coordinates":[-122.826874856492665,45.485858140491359]}},
{"type":"Feature","properties":{"stop_id":1661,"routes":"[52 62]","num_routes":2},"geometry":{"type":"Point","coordinates":[-122.826419951854533,45.485654769810829]}},
{"type":"Feature","properties":{"stop_id":1665,"routes":"[52 76]","num_routes":2},"geometry":{"type":"Point","coordinates":[-122.80624519172855,45.487062966356973]}},
{"type":"Feature","properties":{"stop_id":1682,"routes":"[52 88]","num_routes":2},"geometry":{"type":"Point","coordinates":[-122.852183492270399,45.48178357390659]}},
{"type":"Feature","properties":{"stop_id":1688,"routes":"[52 88]","num_routes":2},"geometry":{"type":"Point","coordinates":[-122.861100928222783,45.478091771500992]}},
{"type":"Feature","properties":{"stop_id":1698,"routes":"[ 4 11]","num_routes":2},"geometry":{"type":"Point","coordinates":[-122.743955317099847,45.595637278959586]}},
{"type":"Feature","properties":{"stop_id":1699,"routes":"[ 4 11]","num_routes":2},"geometry":{"type":"Point","coordinates":[-122.743878681456749,45.59545172219071]}},
{"type":"Feature","properties":{"stop_id":1703,"routes":"[ 4 11]","num_routes":2},"geometry":{"type":"Point","coordinates":[-122.738452994416051,45.594167876276437]}},
{"type":"Feature","properties":{"stop_id":1704,"routes":"[ 4 11]","num_routes":2},"geometry":{"type":"Point","coordinates":[-122.738171115659924,45.594266567619755]}},
{"type":"Feature","properties":{"stop_id":1712,"routes":"[ 4 11]","num_routes":2},"geometry":{"type":"Point","coordinates":[-122.735200387709028,45.593417793124914]}},
{"type":"Feature","properties":{"stop_id":1713,"routes":"[ 4 11]","num_routes":2},"geometry":{"type":"Point","coordinates":[-122.735247266594484,45.593579423942892]}},
{"type":"Feature","properties":{"stop_id":1714,"routes":"[ 4 11]","num_routes":2},"geometry":{"type":"Point","coordinates":[-122.746731525432395,45.596127392182083]}},
{"type":"Feature","properties":{"stop_id":1715,"routes":"[ 4 11]","num_routes":2},"geometry":{"type":"Point","coordinates":[-122.746836339915731,45.596308748592747]}},
{"type":"Feature","properties":{"stop_id":1718,"routes":"[ 4 11]","num_routes":2},"geometry":{"type":"Point","coordinates":[-122.74093801411918,45.594913541963031]}},
{"type":"Feature","properties":{"stop_id":1759,"routes":"[19 72]","num_routes":2},"geometry":{"type":"Point","coordinates":[-122.578481369480826,45.468586674217129]}},
{"type":"Feature","properties":{"stop_id":1760,"routes":"[19 72]","num_routes":2},"geometry":{"type":"Point","coordinates":[-122.577895026351513,45.468715984887119]}},
{"type":"Feature","properties":{"stop_id":1766,"routes":"[10 73 86]","num_routes":3},"geometry":{"type":"Point","coordinates":[-122.539972108390756,45.476408654025533]}},
{"type":"Feature","properties":{"stop_id":1769,"routes":"[10 86]","num_routes":2},"geometry":{"type":"Point","coordinates":[-122.528718262927526,45.47689059587205]}},
{"type":"Feature","properties":{"stop_id":1770,"routes":"[10 86]","num_routes":2},"geometry":{"type":"Point","coordinates":[-122.528614473854205,45.476701654096438]}},
{"type":"Feature","properties":{"stop_id":1772,"routes":"[10 73 86]","num_routes":3},"geometry":{"type":"Point","coordinates":[-122.556606861306932,45.476543274014411]}},
{"type":"Feature","properties":{"stop_id":1773,"routes":"[10 73 86]","num_routes":3},"geometry":{"type":"Point","coordinates":[-122.543622371466839,45.476342971842207]}},
{"type":"Feature","properties":{"stop_id":1774,"routes":"[10 73 86]","num_routes":3},"geometry":{"type":"Point","coordinates":[-122.544557653310605,45.476560164453566]}},
{"type":"Feature","properties":{"stop_id":1778,"routes":"[14 17]","num_routes":2},"geometry":{"type":"Point","coordinates":[-122.597883034616345,45.490244410553153]}},
{"type":"Feature","properties":{"stop_id":1779,"routes":"[10 73 86]","num_routes":3},"geometry":{"type":"Point","coordinates":[-122.560039781934321,45.477193341429128]}},
{"type":"Feature","properties":{"stop_id":1780,"routes":"[10 73 86]","num_routes":3},"geometry":{"type":"Point","coordinates":[-122.55969366908694,45.477356295409685]}},
{"type":"Feature","properties":{"stop_id":1781,"routes":"[10 73 86]","num_routes":3},"geometry":{"type":"Point","coordinates":[-122.557315555241345,45.476889377497287]}},
{"type":"Feature","properties":{"stop_id":1782,"routes":"[10 73 86]","num_routes":3},"geometry":{"type":"Point","coordinates":[-122.552848720008299,45.475848628675131]}},
{"type":"Feature","properties":{"stop_id":1783,"routes":"[10 73 86]","num_routes":3},"geometry":{"type":"Point","coordinates":[-122.553563026184037,45.476205982605137]}},
{"type":"Feature","properties":{"stop_id":1784,"routes":"[10 73 86]","num_routes":3},"geometry":{"type":"Point","coordinates":[-122.548736727055214,45.476013080294919]}},
{"type":"Feature","properties":{"stop_id":1785,"routes":"[10 73 86]","num_routes":3},"geometry":{"type":"Point","coordinates":[-122.549174558231627,45.476204903533407]}},
{"type":"Feature","properties":{"stop_id":1786,"routes":"[10 86]","num_routes":2},"geometry":{"type":"Point","coordinates":[-122.535669378084918,45.476479218509425]}},
{"type":"Feature","properties":{"stop_id":1787,"routes":"[10 73 86]","num_routes":3},"geometry":{"type":"Point","coordinates":[-122.537640290878329,45.476645052191181]}},
{"type":"Feature","properties":{"stop_id":1788,"routes":"[10 86]","num_routes":2},"geometry":{"type":"Point","coordinates":[-122.531822257366017,45.476604825783646]}},
{"type":"Feature","properties":{"stop_id":1789,"routes":"[10 86]","num_routes":2},"geometry":{"type":"Point","coordinates":[-122.532545514292508,45.476773247079898]}},
{"type":"Feature","properties":{"stop_id":1790,"routes":"[10 86]","num_routes":2},"geometry":{"type":"Point","coordinates":[-122.525770686698166,45.476767796276981]}},
{"type":"Feature","properties":{"stop_id":1791,"routes":"[10 86]","num_routes":2},"geometry":{"type":"Point","coordinates":[-122.526505565837525,45.476950431516727]}},
{"type":"Feature","properties":{"stop_id":1793,"routes":"[14 71]","num_routes":2},"geometry":{"type":"Point","coordinates":[-122.608764467295515,45.495678343861151]}},
{"type":"Feature","properties":{"stop_id":1794,"routes":"[14 71]","num_routes":2},"geometry":{"type":"Point","coordinates":[-122.608667174702191,45.495397465191083]}},
{"type":"Feature","properties":{"stop_id":1818,"routes":"[10 14 72]","num_routes":3},"geometry":{"type":"Point","coordinates":[-122.579655220200635,45.483187038232252]}},
{"type":"Feature","properties":{"stop_id":1819,"routes":"[10 14 72]","num_routes":3},"geometry":{"type":"Point","coordinates":[-122.578300930235201,45.482479472755699]}},
{"type":"Feature","properties":{"stop_id":1823,"routes":"[10 14]","num_routes":2},"geometry":{"type":"Point","coordinates":[-122.574449691620259,45.481435295557645]}},
{"type":"Feature","properties":{"stop_id":1824,"routes":"[10 14]","num_routes":2},"geometry":{"type":"Point","coordinates":[-122.575236258724388,45.481779523169848]}},
{"type":"Feature","properties":{"stop_id":1831,"routes":"[10 14 86]","num_routes":3},"geometry":{"type":"Point","coordinates":[-122.56626071010021,45.479264910885831]}},
{"type":"Feature","properties":{"stop_id":1832,"routes":"[10 14 73 86]","num_routes":4},"geometry":{"type":"Point","coordinates":[-122.563108484414485,45.478395358974929]}},
{"type":"Feature","properties":{"stop_id":1841,"routes":"[ 4 24 44]","num_routes":3},"geometry":{"type":"Point","coordinates":[-122.668923045885379,45.548316964493139]}},
{"type":"Feature","properties":{"stop_id":1846,"routes":"[ 6 24]","num_routes":2},"geometry":{"type":"Point","coordinates":[-122.661831626526421,45.548215092924259]}},
{"type":"Feature","properties":{"stop_id":1847,"routes":"[ 6 24]","num_routes":2},"geometry":{"type":"Point","coordinates":[-122.661269508862063,45.548330097067513]}},
{"type":"Feature","properties":{"stop_id":1856,"routes":"[ 8 24]","num_routes":2},"geometry":{"type":"Point","coordinates":[-122.65009888791073,45.548192883526859]}},
{"type":"Feature","properties":{"stop_id":1857,"routes":"[ 8 24]","num_routes":2},"geometry":{"type":"Point","coordinates":[-122.650244765796756,45.548300109806242]}},
{"type":"Feature","properties":{"stop_id":1862,"routes":"[17 24]","num_routes":2},"geometry":{"type":"Point","coordinates":[-122.641465714410359,45.548296113034517]}},
{"type":"Feature","properties":{"stop_id":1863,"routes":"[17 24]","num_routes":2},"geometry":{"type":"Point","coordinates":[-122.641305377628242,45.548184387126653]}},
{"type":"Feature","properties":{"stop_id":1870,"routes":"[24 70]","num_routes":2},"geometry":{"type":"Point","coordinates":[-122.630074507544791,45.548311551177726]}},
{"type":"Feature","properties":{"stop_id":1871,"routes":"[24 70]","num_routes":2},"geometry":{"type":"Point","coordinates":[-122.630977405410732,45.548203930293091]}},
{"type":"Feature","properties":{"stop_id":1876,"routes":"[24 75]","num_routes":2},"geometry":{"type":"Point","coordinates":[-122.621034823604589,45.548241297354558]}},
{"type":"Feature","properties":{"stop_id":1877,"routes":"[24 75]","num_routes":2},"geometry":{"type":"Point","coordinates":[-122.621105089761159,45.548362853507541]}},
{"type":"Feature","properties":{"stop_id":1890,"routes":"[24 71]","num_routes":2},"geometry":{"type":"Point","coordinates":[-122.604245725850973,45.548189135101794]}},
{"type":"Feature","properties":{"stop_id":1891,"routes":"[24 71]","num_routes":2},"geometry":{"type":"Point","coordinates":[-122.605221785469908,45.548317952148487]}},
{"type":"Feature","properties":{"stop_id":1903,"routes":"[12 24]","num_routes":2},"geometry":{"type":"Point","coordinates":[-122.590101568870267,45.548279710375816]}},
{"type":"Feature","properties":{"stop_id":1910,"routes":"[24 72]","num_routes":2},"geometry":{"type":"Point","coordinates":[-122.579101437088326,45.548229697101689]}},
{"type":"Feature","properties":{"stop_id":1911,"routes":"[24 72]","num_routes":2},"geometry":{"type":"Point","coordinates":[-122.578294270429566,45.548100374084591]}},
{"type":"Feature","properties":{"stop_id":1926,"routes":"[ 38  45  55 193 194 195]","num_routes":6},"geometry":{"type":"Point","coordinates":[-122.676934671252596,45.509271418506778]}},
{"type":"Feature","properties":{"stop_id":1927,"routes":"[ 38  45  55  96 193 194]","num_routes":6},"geometry":{"type":"Point","coordinates":[-122.676970188636716,45.509713064986421]}},
{"type":"Feature","properties":{"stop_id":1930,"routes":"[38 45 54 55]","num_routes":4},"geometry":{"type":"Point","coordinates":[-122.67763127703418,45.502109446549305]}},
{"type":"Feature","properties":{"stop_id":1934,"routes":"[ 34 152]","num_routes":2},"geometry":{"type":"Point","coordinates":[-122.586990564767262,45.433242373264392]}},
{"type":"Feature","properties":{"stop_id":1949,"routes":"[ 8 43 56]","num_routes":3},"geometry":{"type":"Point","coordinates":[-122.689266547628847,45.496926587571195]}},
{"type":"Feature","properties":{"stop_id":1993,"routes":"[33 34]","num_routes":2},"geometry":{"type":"Point","coordinates":[-122.607636278137164,45.385354496084254]}},
{"type":"Feature","properties":{"stop_id":1994,"routes":"[33 34]","num_routes":2},"geometry":{"type":"Point","coordinates":[-122.607751710816657,45.385464717912335]}},
{"type":"Feature","properties":{"stop_id":2011,"routes":"[ 77 193 194 195]","num_routes":4},"geometry":{"type":"Point","coordinates":[-122.681083125340834,45.526591722325847]}},
{"type":"Feature","properties":{"stop_id":2015,"routes":"[15 25]","num_routes":2},"geometry":{"type":"Point","coordinates":[-122.557647082657795,45.526179676522311]}},
{"type":"Feature","properties":{"stop_id":2016,"routes":"[15 25]","num_routes":2},"geometry":{"type":"Point","coordinates":[-122.55793339638933,45.526371400941777]}},
{"type":"Feature","properties":{"stop_id":2053,"routes":"[25 86]","num_routes":2},"geometry":{"type":"Point","coordinates":[-122.510115800429162,45.526371873225749]}},
{"type":"Feature","properties":{"stop_id":2054,"routes":"[25 86]","num_routes":2},"geometry":{"type":"Point","coordinates":[-122.511130301694934,45.526569106080395]}},
{"type":"Feature","properties":{"stop_id":2065,"routes":"[25 74]","num_routes":2},"geometry":{"type":"Point","coordinates":[-122.495930617220552,45.52632630434212]}},
{"type":"Feature","properties":{"stop_id":2066,"routes":"[25 74]","num_routes":2},"geometry":{"type":"Point","coordinates":[-122.497072061995212,45.526515954999667]}},
{"type":"Feature","properties":{"stop_id":2080,"routes":"[25 87]","num_routes":2},"geometry":{"type":"Point","coordinates":[-122.476389146842095,45.526316092652337]}},
{"type":"Feature","properties":{"stop_id":2081,"routes":"[25 87]","num_routes":2},"geometry":{"type":"Point","coordinates":[-122.477965265099982,45.52651641864459]}},
{"type":"Feature","properties":{"stop_id":2110,"routes":"[19 75]","num_routes":2},"geometry":{"type":"Point","coordinates":[-122.622967605877577,45.526050543066866]}},
{"type":"Feature","properties":{"stop_id":2111,"routes":"[19 75]","num_routes":2},"geometry":{"type":"Point","coordinates":[-122.623069401000066,45.526817139503862]}},
{"type":"Feature","properties":{"stop_id":2127,"routes":"[19 71]","num_routes":2},"geometry":{"type":"Point","coordinates":[-122.602444869888558,45.526413697941791]}},
{"type":"Feature","properties":{"stop_id":2128,"routes":"[19 71]","num_routes":2},"geometry":{"type":"Point","coordinates":[-122.601898165669198,45.526572735586022]}},
{"type":"Feature","properties":{"stop_id":2147,"routes":"[19 72]","num_routes":2},"geometry":{"type":"Point","coordinates":[-122.578572037072561,45.526344656730771]}},
{"type":"Feature","properties":{"stop_id":2148,"routes":"[19 72]","num_routes":2},"geometry":{"type":"Point","coordinates":[-122.57872118930014,45.526501124213716]}},
{"type":"Feature","properties":{"stop_id":2161,"routes":"[40 72]","num_routes":2},"geometry":{"type":"Point","coordinates":[-122.698659425320017,45.556290972727012]}},
{"type":"Feature","properties":{"stop_id":2165,"routes":"[  6 195]","num_routes":2},"geometry":{"type":"Point","coordinates":[-122.660547726490734,45.535419979957105]}},
{"type":"Feature","properties":{"stop_id":2167,"routes":"[  6  12  19  20 195]","num_routes":5},"geometry":{"type":"Point","coordinates":[-122.660635378723143,45.522815873194595]}},
{"type":"Feature","properties":{"stop_id":2169,"routes":"[  6 194 195]","num_routes":3},"geometry":{"type":"Point","coordinates":[-122.660607084665742,45.527521315384078]}},
{"type":"Feature","properties":{"stop_id":2170,"routes":"[  6  10  14 195]","num_routes":4},"geometry":{"type":"Point","coordinates":[-122.66067276674849,45.513415798686822]}},
{"type":"Feature","properties":{"stop_id":2175,"routes":"[  6 195]","num_routes":2},"geometry":{"type":"Point","coordinates":[-122.660596285531341,45.529733455821223]}},
{"type":"Feature","properties":{"stop_id":2195,"routes":"[35 40 72]","num_routes":3},"geometry":{"type":"Point","coordinates":[-122.692309281279904,45.555609532493513]}},
{"type":"Feature","properties":{"stop_id":2208,"routes":"[35 72]","num_routes":2},"geometry":{"type":"Point","coordinates":[-122.695536533714872,45.562603660715752]}},
{"type":"Feature","properties":{"stop_id":2209,"routes":"[35 72]","num_routes":2},"geometry":{"type":"Point","coordinates":[-122.695715230987048,45.562857983899235]}},
{"type":"Feature","properties":{"stop_id":2221,"routes":"[35 44]","num_routes":2},"geometry":{"type":"Point","coordinates":[-122.695471212741737,45.570304140909343]}},
{"type":"Feature","properties":{"stop_id":2222,"routes":"[35 44]","num_routes":2},"geometry":{"type":"Point","coordinates":[-122.695672759295562,45.569653660241755]}},
{"type":"Feature","properties":{"stop_id":2226,"routes":"[35 72]","num_routes":2},"geometry":{"type":"Point","coordinates":[-122.694646219500967,45.560564402700301]}},
{"type":"Feature","properties":{"stop_id":2227,"routes":"[35 72]","num_routes":2},"geometry":{"type":"Point","coordinates":[-122.694577443499625,45.559956332760699]}},
{"type":"Feature","properties":{"stop_id":2253,"routes":"[  2   9  20  21  81  82  84 100 287]","num_routes":9},"geometry":{"type":"Point","coordinates":[-122.426500208756977,45.502599747815374]}},
{"type":"Feature","properties":{"stop_id":2267,"routes":"[76 88]","num_routes":2},"geometry":{"type":"Point","coordinates":[-122.805358642172138,45.476299562618905]}},
{"type":"Feature","properties":{"stop_id":2271,"routes":"[52 57 76]","num_routes":3},"geometry":{"type":"Point","coordinates":[-122.803893853009697,45.487845596855273]}},
{"type":"Feature","properties":{"stop_id":2282,"routes":"[45 78]","num_routes":2},"geometry":{"type":"Point","coordinates":[-122.773657757172927,45.453022575327282]}},
{"type":"Feature","properties":{"stop_id":2295,"routes":"[56 76 78]","num_routes":3},"geometry":{"type":"Point","coordinates":[-122.782154184362668,45.456847166721587]}},
{"type":"Feature","properties":{"stop_id":2296,"routes":"[56 76 78]","num_routes":3},"geometry":{"type":"Point","coordinates":[-122.782055969841963,45.456537049007473]}},
{"type":"Feature","properties":{"stop_id":2317,"routes":"[ 4 35]","num_routes":2},"geometry":{"type":"Point","coordinates":[-122.697002327518163,45.582777363798002]}},
{"type":"Feature","properties":{"stop_id":2320,"routes":"[77 86]","num_routes":2},"geometry":{"type":"Point","coordinates":[-122.50821127907318,45.533576475423295]}},
{"type":"Feature","properties":{"stop_id":2330,"routes":"[21 77]","num_routes":2},"geometry":{"type":"Point","coordinates":[-122.42240820923449,45.536531056521021]}},
{"type":"Feature","properties":{"stop_id":2331,"routes":"[21 77]","num_routes":2},"geometry":{"type":"Point","coordinates":[-122.422528421785515,45.536661959606732]}},
{"type":"Feature","properties":{"stop_id":2341,"routes":"[21 77]","num_routes":2},"geometry":{"type":"Point","coordinates":[-122.433175375997465,45.535024872819513]}},
{"type":"Feature","properties":{"stop_id":2342,"routes":"[21 77]","num_routes":2},"geometry":{"type":"Point","coordinates":[-122.434060764000449,45.535088555606634]}},
{"type":"Feature","properties":{"stop_id":2343,"routes":"[24 77]","num_routes":2},"geometry":{"type":"Point","coordinates":[-122.561277664266825,45.533655701255611]}},
{"type":"Feature","properties":{"stop_id":2354,"routes":"[22 23 24 77 87]","num_routes":5},"geometry":{"type":"Point","coordinates":[-122.557933897330074,45.533372505960884]}},
{"type":"Feature","properties":{"stop_id":2358,"routes":"[23 77]","num_routes":2},"geometry":{"type":"Point","coordinates":[-122.549661465392845,45.533470499866176]}},
{"type":"Feature","properties":{"stop_id":2366,"routes":"[73 77]","num_routes":2},"geometry":{"type":"Point","coordinates":[-122.537100110002513,45.533463745044969]}},
{"type":"Feature","properties":{"stop_id":2367,"routes":"[73 77]","num_routes":2},"geometry":{"type":"Point","coordinates":[-122.538279139442949,45.533688007983876]}},
{"type":"Feature","properties":{"stop_id":2386,"routes":"[77 86]","num_routes":2},"geometry":{"type":"Point","coordinates":[-122.509505084959883,45.533777419866809]}},
{"type":"Feature","properties":{"stop_id":2395,"routes":"[74 77]","num_routes":2},"geometry":{"type":"Point","coordinates":[-122.495474974653249,45.534436629139307]}},
{"type":"Feature","properties":{"stop_id":2396,"routes":"[74 77]","num_routes":2},"geometry":{"type":"Point","coordinates":[-122.496125678180448,45.534096357793047]}},
{"type":"Feature","properties":{"stop_id":2401,"routes":"[77 87]","num_routes":2},"geometry":{"type":"Point","coordinates":[-122.478073191797833,45.534595915852002]}},
{"type":"Feature","properties":{"stop_id":2416,"routes":"[21 77]","num_routes":2},"geometry":{"type":"Point","coordinates":[-122.428847062104268,45.535667088375476]}},
{"type":"Feature","properties":{"stop_id":2418,"routes":"[21 77]","num_routes":2},"geometry":{"type":"Point","coordinates":[-122.426425343474918,45.535977926510249]}},
{"type":"Feature","properties":{"stop_id":2419,"routes":"[21 77]","num_routes":2},"geometry":{"type":"Point","coordinates":[-122.426177190894393,45.536185786142461]}},
{"type":"Feature","properties":{"stop_id":2420,"routes":"[21 77]","num_routes":2},"geometry":{"type":"Point","coordinates":[-122.418920935880294,45.53713520907727]}},
{"type":"Feature","properties":{"stop_id":2421,"routes":"[21 77]","num_routes":2},"geometry":{"type":"Point","coordinates":[-122.41765679444697,45.537114633278513]}},
{"type":"Feature","properties":{"stop_id":2432,"routes":"[71 77]","num_routes":2},"geometry":{"type":"Point","coordinates":[-122.604553145175316,45.533775934176624]}},
{"type":"Feature","properties":{"stop_id":2434,"routes":"[71 77]","num_routes":2},"geometry":{"type":"Point","coordinates":[-122.604190644830581,45.533664306224338]}},
{"type":"Feature","properties":{"stop_id":2438,"routes":"[71 77]","num_routes":2},"geometry":{"type":"Point","coordinates":[-122.601950959435598,45.533773245246415]}},
{"type":"Feature","properties":{"stop_id":2439,"routes":"[71 77]","num_routes":2},"geometry":{"type":"Point","coordinates":[-122.601708497178834,45.533656793827454]}},
{"type":"Feature","properties":{"stop_id":2466,"routes":"[51 55]","num_routes":2},"geometry":{"type":"Point","coordinates":[-122.710570740836928,45.490554658360132]}},
{"type":"Feature","properties":{"stop_id":2505,"routes":"[10 17]","num_routes":2},"geometry":{"type":"Point","coordinates":[-122.535506571309682,45.483311125566544]}},
{"type":"Feature","properties":{"stop_id":2506,"routes":"[10 17]","num_routes":2},"geometry":{"type":"Point","coordinates":[-122.535501861854627,45.483409588914228]}},
{"type":"Feature","properties":{"stop_id":2507,"routes":"[10 17]","num_routes":2},"geometry":{"type":"Point","coordinates":[-122.529989953345634,45.483534783445577]}},
{"type":"Feature","properties":{"stop_id":2510,"routes":"[10 17]","num_routes":2},"geometry":{"type":"Point","coordinates":[-122.526086283806478,45.483510189635602]}},
{"type":"Feature","properties":{"stop_id":2534,"routes":"[10 73]","num_routes":2},"geometry":{"type":"Point","coordinates":[-122.538185798236185,45.483153683544735]}},
{"type":"Feature","properties":{"stop_id":2535,"routes":"[10 73]","num_routes":2},"geometry":{"type":"Point","coordinates":[-122.538436350724453,45.483243149481055]}},
{"type":"Feature","properties":{"stop_id":2537,"routes":"[10 17]","num_routes":2},"geometry":{"type":"Point","coordinates":[-122.532368736126926,45.483287425182688]}},
{"type":"Feature","properties":{"stop_id":2538,"routes":"[10 17]","num_routes":2},"geometry":{"type":"Point","coordinates":[-122.532128699205558,45.483550061625202]}},
{"type":"Feature","properties":{"stop_id":2539,"routes":"[10 17 86]","num_routes":3},"geometry":{"type":"Point","coordinates":[-122.523864371083079,45.483392314506794]}},
{"type":"Feature","properties":{"stop_id":2540,"routes":"[10 17 86]","num_routes":3},"geometry":{"type":"Point","coordinates":[-122.524039568037551,45.483492838390625]}},
{"type":"Feature","properties":{"stop_id":2541,"routes":"[10 71]","num_routes":2},"geometry":{"type":"Point","coordinates":[-122.608551618213042,45.483107995212684]}},
{"type":"Feature","properties":{"stop_id":2542,"routes":"[10 71]","num_routes":2},"geometry":{"type":"Point","coordinates":[-122.607461246215053,45.482988619172673]}},
{"type":"Feature","properties":{"stop_id":2566,"routes":"[ 35  40  54 193 194 195]","num_routes":6},"geometry":{"type":"Point","coordinates":[-122.679046096751733,45.50998709631569]}},
{"type":"Feature","properties":{"stop_id":2567,"routes":"[ 35  40  54 193 194 195]","num_routes":6},"geometry":{"type":"Point","coordinates":[-122.678944393142103,45.510145472921188]}},
{"type":"Feature","properties":{"stop_id":2569,"routes":"[ 33  75 152]","num_routes":3},"geometry":{"type":"Point","coordinates":[-122.637901599911388,45.446372026967012]}},
{"type":"Feature","properties":{"stop_id":2570,"routes":"[ 33  75 152]","num_routes":3},"geometry":{"type":"Point","coordinates":[-122.638050254008945,45.44647131939292]}},
{"type":"Feature","properties":{"stop_id":2571,"routes":"[ 33  75 152]","num_routes":3},"geometry":{"type":"Point","coordinates":[-122.63572382981306,45.446520917675528]}},
{"type":"Feature","properties":{"stop_id":2572,"routes":"[ 33  75 152]","num_routes":3},"geometry":{"type":"Point","coordinates":[-122.635014704047194,45.446420500927253]}},
{"type":"Feature","properties":{"stop_id":2573,"routes":"[ 33  75 152]","num_routes":3},"geometry":{"type":"Point","coordinates":[-122.633367981838163,45.446597889145089]}},
{"type":"Feature","properties":{"stop_id":2574,"routes":"[33 75]","num_routes":2},"geometry":{"type":"Point","coordinates":[-122.63028449887365,45.446664581919428]}},
{"type":"Feature","properties":{"stop_id":2580,"routes":"[ 1  2  8  9 12 17 19 35 40 44 54]","num_routes":11},"geometry":{"type":"Point","coordinates":[-122.681109212193334,45.510529175644081]}},
{"type":"Feature","properties":{"stop_id":2592,"routes":"[  4   8  17  35  40  44  77  90 100 200 287 288 292 293]","num_routes":14},"geometry":{"type":"Point","coordinates":[-122.666490360183943,45.530010900104649]}},
{"type":"Feature","properties":{"stop_id":2594,"routes":"[ 10  14 195]","num_routes":3},"geometry":{"type":"Point","coordinates":[-122.659908199871751,45.512173233983845]}},
{"type":"Feature","properties":{"stop_id":2599,"routes":"[14 70]","num_routes":2},"geometry":{"type":"Point","coordinates":[-122.65402674976454,45.512147012480305]}},
{"type":"Feature","properties":{"stop_id":2625,"routes":"[14 75]","num_routes":2},"geometry":{"type":"Point","coordinates":[-122.622468276986766,45.511976575441125]}},
{"type":"Feature","properties":{"stop_id":2626,"routes":"[14 75]","num_routes":2},"geometry":{"type":"Point","coordinates":[-122.623226142442022,45.512139372677481]}},
{"type":"Feature","properties":{"stop_id":2641,"routes":"[ 6 10 14]","num_routes":3},"geometry":{"type":"Point","coordinates":[-122.665126199606789,45.512162530596811]}},
{"type":"Feature","properties":{"stop_id":2642,"routes":"[ 6 10 14]","num_routes":3},"geometry":{"type":"Point","coordinates":[-122.666198576537965,45.513026985461636]}},
{"type":"Feature","properties":{"stop_id":2643,"routes":"[  6 194 195]","num_routes":3},"geometry":{"type":"Point","coordinates":[-122.661467584083809,45.512316580015714]}},
{"type":"Feature","properties":{"stop_id":2669,"routes":"[82 87]","num_routes":2},"geometry":{"type":"Point","coordinates":[-122.475380320042163,45.489151772671129]}},
{"type":"Feature","properties":{"stop_id":2670,"routes":"[82 87]","num_routes":2},"geometry":{"type":"Point","coordinates":[-122.475685389505685,45.488284772895277]}},
{"type":"Feature","properties":{"stop_id":2672,"routes":"[ 46  47  48  57 100 288]","num_routes":6},"geometry":{"type":"Point","coordinates":[-122.98469721289328,45.521466014655836]}},
{"type":"Feature","properties":{"stop_id":2703,"routes":"[17 73]","num_routes":2},"geometry":{"type":"Point","coordinates":[-122.537075897719419,45.489526520289914]}},
{"type":"Feature","properties":{"stop_id":2705,"routes":"[17 73]","num_routes":2},"geometry":{"type":"Point","coordinates":[-122.538181468611597,45.489732938123993]}},
{"type":"Feature","properties":{"stop_id":2714,"routes":"[10 17]","num_routes":2},"geometry":{"type":"Point","coordinates":[-122.637198412707932,45.490257357196988]}},
{"type":"Feature","properties":{"stop_id":2715,"routes":"[10 17]","num_routes":2},"geometry":{"type":"Point","coordinates":[-122.637114269325266,45.490363766365505]}},
{"type":"Feature","properties":{"stop_id":2726,"routes":"[17 75]","num_routes":2},"geometry":{"type":"Point","coordinates":[-122.623479812728718,45.490244827986338]}},
{"type":"Feature","properties":{"stop_id":2727,"routes":"[17 75]","num_routes":2},"geometry":{"type":"Point","coordinates":[-122.622475737848632,45.490352610560748]}},
{"type":"Feature","properties":{"stop_id":2738,"routes":"[17 71]","num_routes":2},"geometry":{"type":"Point","coordinates":[-122.608513685330706,45.49024379424813]}},
{"type":"Feature","properties":{"stop_id":2739,"routes":"[17 71]","num_routes":2},"geometry":{"type":"Point","coordinates":[-122.609463559303691,45.490351941631445]}},
{"type":"Feature","properties":{"stop_id":2746,"routes":"[14 17]","num_routes":2},"geometry":{"type":"Point","coordinates":[-122.599139988227975,45.490221260818508]}},
{"type":"Feature","properties":{"stop_id":2748,"routes":"[14 17]","num_routes":2},"geometry":{"type":"Point","coordinates":[-122.597294929416194,45.490364641820143]}},
{"type":"Feature","properties":{"stop_id":2762,"routes":"[17 72]","num_routes":2},"geometry":{"type":"Point","coordinates":[-122.577994358895282,45.490170748734982]}},
{"type":"Feature","properties":{"stop_id":2763,"routes":"[17 72]","num_routes":2},"geometry":{"type":"Point","coordinates":[-122.579411887668812,45.490353147219963]}},
{"type":"Feature","properties":{"stop_id":2804,"routes":"[39 44]","num_routes":2},"geometry":{"type":"Point","coordinates":[-122.721139409633579,45.452308886632075]}},
{"type":"Feature","properties":{"stop_id":2815,"routes":"[12 43 78]","num_routes":3},"geometry":{"type":"Point","coordinates":[-122.763758485235698,45.429762864451526]}},
{"type":"Feature","properties":{"stop_id":2816,"routes":"[12 43 78]","num_routes":3},"geometry":{"type":"Point","coordinates":[-122.76349213384556,45.429797134872082]}},
{"type":"Feature","properties":{"stop_id":2817,"routes":"[38 78]","num_routes":2},"geometry":{"type":"Point","coordinates":[-122.752280352163638,45.425865080155852]}},
{"type":"Feature","properties":{"stop_id":2818,"routes":"[38 78]","num_routes":2},"geometry":{"type":"Point","coordinates":[-122.752459195027768,45.42579027781359]}},
{"type":"Feature","properties":{"stop_id":2907,"routes":"[ 30 156]","num_routes":2},"geometry":{"type":"Point","coordinates":[-122.52371802040507,45.410396541000488]}},
{"type":"Feature","properties":{"stop_id":2908,"routes":"[ 30 156]","num_routes":2},"geometry":{"type":"Point","coordinates":[-122.518180001022145,45.409989190905414]}},
{"type":"Feature","properties":{"stop_id":2909,"routes":"[ 30 156]","num_routes":2},"geometry":{"type":"Point","coordinates":[-122.517363024073845,45.410308414599001]}},
{"type":"Feature","properties":{"stop_id":2945,"routes":"[ 35  40 190 293]","num_routes":4},"geometry":{"type":"Point","coordinates":[-122.675266404064146,45.539272994956093]}},
{"type":"Feature","properties":{"stop_id":2962,"routes":"[35 40]","num_routes":2},"geometry":{"type":"Point","coordinates":[-122.677079504156197,45.543120047697556]}},
{"type":"Feature","properties":{"stop_id":2964,"routes":"[35 40]","num_routes":2},"geometry":{"type":"Point","coordinates":[-122.677383985969115,45.543278959137972]}},
{"type":"Feature","properties":{"stop_id":2975,"routes":"[190 293]","num_routes":2},"geometry":{"type":"Point","coordinates":[-122.680830050073695,45.549449592380185]}},
{"type":"Feature","properties":{"stop_id":2976,"routes":"[190 293]","num_routes":2},"geometry":{"type":"Point","coordinates":[-122.681168335497418,45.548990938772342]}},
{"type":"Feature","properties":{"stop_id":2978,"routes":"[ 44 190 293]","num_routes":3},"geometry":{"type":"Point","coordinates":[-122.682339428410856,45.569500474580536]}},
{"type":"Feature","properties":{"stop_id":2985,"routes":"[190 293]","num_routes":2},"geometry":{"type":"Point","coordinates":[-122.682475266008055,45.554826658463185]}},
{"type":"Feature","properties":{"stop_id":2994,"routes":"[190 293]","num_routes":2},"geometry":{"type":"Point","coordinates":[-122.686317058733238,45.58379859017154]}},
{"type":"Feature","properties":{"stop_id":3008,"routes":"[ 4 11 16 44 75]","num_routes":5},"geometry":{"type":"Point","coordinates":[-122.75653499900676,45.590699953951599]}},
{"type":"Feature","properties":{"stop_id":3009,"routes":"[ 4 11 16 44 75]","num_routes":5},"geometry":{"type":"Point","coordinates":[-122.75272560972995,45.588690356759983]}},
{"type":"Feature","properties":{"stop_id":3039,"routes":"[  1  12  19  38  45  55  96 190 200 291 293]","num_routes":11},"geometry":{"type":"Point","coordinates":[-122.681611547237011,45.515364442358376]}},
{"type":"Feature","properties":{"stop_id":3049,"routes":"[  6  38  45  55  58  96 193 194]","num_routes":8},"geometry":{"type":"Point","coordinates":[-122.684101090388367,45.516031620983298]}},
{"type":"Feature","properties":{"stop_id":3051,"routes":"[ 6 45 55 58]","num_routes":4},"geometry":{"type":"Point","coordinates":[-122.687167995040681,45.516857909586157]}},
{"type":"Feature","properties":{"stop_id":3052,"routes":"[ 6 24 45 51 55 58]","num_routes":6},"geometry":{"type":"Point","coordinates":[-122.690125397010334,45.517641882295194]}},
{"type":"Feature","properties":{"stop_id":3054,"routes":"[ 58  90 100 288]","num_routes":4},"geometry":{"type":"Point","coordinates":[-122.694092193776129,45.518420613463654]}},
{"type":"Feature","properties":{"stop_id":3076,"routes":"[34 75]","num_routes":2},"geometry":{"type":"Point","coordinates":[-122.620434530922253,45.460459136226604]}},
{"type":"Feature","properties":{"stop_id":3077,"routes":"[34 75]","num_routes":2},"geometry":{"type":"Point","coordinates":[-122.61696157961029,45.460509055436056]}},
{"type":"Feature","properties":{"stop_id":3078,"routes":"[34 75]","num_routes":2},"geometry":{"type":"Point","coordinates":[-122.617186469617778,45.460462723534938]}},
{"type":"Feature","properties":{"stop_id":3079,"routes":"[34 75]","num_routes":2},"geometry":{"type":"Point","coordinates":[-122.616750031742043,45.461534185590878]}},
{"type":"Feature","properties":{"stop_id":3080,"routes":"[34 75]","num_routes":2},"geometry":{"type":"Point","coordinates":[-122.616890330864862,45.461782575754718]}},
{"type":"Feature","properties":{"stop_id":3081,"routes":"[34 75]","num_routes":2},"geometry":{"type":"Point","coordinates":[-122.629602756781296,45.462681232267705]}},
{"type":"Feature","properties":{"stop_id":3082,"routes":"[34 75]","num_routes":2},"geometry":{"type":"Point","coordinates":[-122.62594803361209,45.462087239423042]}},
{"type":"Feature","properties":{"stop_id":3083,"routes":"[34 75]","num_routes":2},"geometry":{"type":"Point","coordinates":[-122.626393659409388,45.462190272689348]}},
{"type":"Feature","properties":{"stop_id":3086,"routes":"[34 75]","num_routes":2},"geometry":{"type":"Point","coordinates":[-122.619803867056319,45.460150817149021]}},
{"type":"Feature","properties":{"stop_id":3091,"routes":"[20 81]","num_routes":2},"geometry":{"type":"Point","coordinates":[-122.399824825314411,45.510161675605822]}},
{"type":"Feature","properties":{"stop_id":3092,"routes":"[20 81]","num_routes":2},"geometry":{"type":"Point","coordinates":[-122.399780741507868,45.505468358926883]}},
{"type":"Feature","properties":{"stop_id":3093,"routes":"[20 81]","num_routes":2},"geometry":{"type":"Point","coordinates":[-122.400123660206617,45.505025343350908]}},
{"type":"Feature","properties":{"stop_id":3094,"routes":"[20 25 81]","num_routes":3},"geometry":{"type":"Point","coordinates":[-122.398265603009889,45.518796591363468]}},
{"type":"Feature","properties":{"stop_id":3097,"routes":"[20 81]","num_routes":2},"geometry":{"type":"Point","coordinates":[-122.399822854323332,45.508104750022788]}},
{"type":"Feature","properties":{"stop_id":3099,"routes":"[20 81]","num_routes":2},"geometry":{"type":"Point","coordinates":[-122.400133712897556,45.510347909767155]}},
{"type":"Feature","properties":{"stop_id":3104,"routes":"[20 81]","num_routes":2},"geometry":{"type":"Point","coordinates":[-122.399929888238134,45.512738681013488]}},
{"type":"Feature","properties":{"stop_id":3105,"routes":"[20 81]","num_routes":2},"geometry":{"type":"Point","coordinates":[-122.399368275915265,45.513229845777055]}},
{"type":"Feature","properties":{"stop_id":3127,"routes":"[38 78]","num_routes":2},"geometry":{"type":"Point","coordinates":[-122.708195523059501,45.424859290150195]}},
{"type":"Feature","properties":{"stop_id":3129,"routes":"[38 78]","num_routes":2},"geometry":{"type":"Point","coordinates":[-122.716118170379175,45.428808716331659]}},
{"type":"Feature","properties":{"stop_id":3133,"routes":"[38 78]","num_routes":2},"geometry":{"type":"Point","coordinates":[-122.707206827525923,45.42852599471334]}},
{"type":"Feature","properties":{"stop_id":3134,"routes":"[38 78]","num_routes":2},"geometry":{"type":"Point","coordinates":[-122.711567564632304,45.427812192520584]}},
{"type":"Feature","properties":{"stop_id":3135,"routes":"[38 78]","num_routes":2},"geometry":{"type":"Point","coordinates":[-122.712331911961897,45.42836981289225]}},
{"type":"Feature","properties":{"stop_id":3137,"routes":"[38 78]","num_routes":2},"geometry":{"type":"Point","coordinates":[-122.707404360214099,45.426119943598458]}},
{"type":"Feature","properties":{"stop_id":3138,"routes":"[38 78]","num_routes":2},"geometry":{"type":"Point","coordinates":[-122.707152572594282,45.42629225862283]}},
{"type":"Feature","properties":{"stop_id":3141,"routes":"[38 78]","num_routes":2},"geometry":{"type":"Point","coordinates":[-122.715160156909633,45.42801932962746]}},
{"type":"Feature","properties":{"stop_id":3153,"routes":"[ 4 72]","num_routes":2},"geometry":{"type":"Point","coordinates":[-122.675140809961192,45.562646573339002]}},
{"type":"Feature","properties":{"stop_id":3154,"routes":"[ 4 72]","num_routes":2},"geometry":{"type":"Point","coordinates":[-122.674818051130188,45.5627459556964]}},
{"type":"Feature","properties":{"stop_id":3167,"routes":"[35 72]","num_routes":2},"geometry":{"type":"Point","coordinates":[-122.695719093608574,45.562179347567351]}},
{"type":"Feature","properties":{"stop_id":3169,"routes":"[ 72 190 293]","num_routes":3},"geometry":{"type":"Point","coordinates":[-122.681694034118678,45.562598204954661]}},
{"type":"Feature","properties":{"stop_id":3170,"routes":"[ 72 190 293]","num_routes":3},"geometry":{"type":"Point","coordinates":[-122.681962641359277,45.562731951172815]}},
{"type":"Feature","properties":{"stop_id":3183,"routes":"[44 72]","num_routes":2},"geometry":{"type":"Point","coordinates":[-122.668957888641714,45.562654745765599]}},
{"type":"Feature","properties":{"stop_id":3184,"routes":"[44 72]","num_routes":2},"geometry":{"type":"Point","coordinates":[-122.668375657812277,45.562780771987249]}},
{"type":"Feature","properties":{"stop_id":3191,"routes":"[70 72]","num_routes":2},"geometry":{"type":"Point","coordinates":[-122.630346451689249,45.562664428052294]}},
{"type":"Feature","properties":{"stop_id":3192,"routes":"[70 72]","num_routes":2},"geometry":{"type":"Point","coordinates":[-122.631152009673272,45.562775151897313]}},
{"type":"Feature","properties":{"stop_id":3199,"routes":"[72 75]","num_routes":2},"geometry":{"type":"Point","coordinates":[-122.619969328882163,45.56270065228005]}},
{"type":"Feature","properties":{"stop_id":3200,"routes":"[72 75]","num_routes":2},"geometry":{"type":"Point","coordinates":[-122.620188546979847,45.562906384215069]}},
{"type":"Feature","properties":{"stop_id":3224,"routes":"[33 71]","num_routes":2},"geometry":{"type":"Point","coordinates":[-122.590287732029665,45.446993718286485]}},
{"type":"Feature","properties":{"stop_id":3226,"routes":"[33 71]","num_routes":2},"geometry":{"type":"Point","coordinates":[-122.582231009341925,45.446968523679381]}},
{"type":"Feature","properties":{"stop_id":3228,"routes":"[33 71 72]","num_routes":3},"geometry":{"type":"Point","coordinates":[-122.580079079529867,45.447115204272244]}},
{"type":"Feature","properties":{"stop_id":3229,"routes":"[33 71]","num_routes":2},"geometry":{"type":"Point","coordinates":[-122.592580570844945,45.447928131897051]}},
{"type":"Feature","properties":{"stop_id":3230,"routes":"[33 71]","num_routes":2},"geometry":{"type":"Point","coordinates":[-122.592970983501374,45.447830483073375]}},
{"type":"Feature","properties":{"stop_id":3234,"routes":"[33 34]","num_routes":2},"geometry":{"type":"Point","coordinates":[-122.598573738854242,45.447882812593505]}},
{"type":"Feature","properties":{"stop_id":3235,"routes":"[33 34]","num_routes":2},"geometry":{"type":"Point","coordinates":[-122.598743564254107,45.448026353731443]}},
{"type":"Feature","properties":{"stop_id":3236,"routes":"[51 63]","num_routes":2},"geometry":{"type":"Point","coordinates":[-122.695318035119271,45.520931070134296]}},
{"type":"Feature","properties":{"stop_id":3251,"routes":"[33 71]","num_routes":2},"geometry":{"type":"Point","coordinates":[-122.587349876494628,45.446992808293892]}},
{"type":"Feature","properties":{"stop_id":3254,"routes":"[33 71]","num_routes":2},"geometry":{"type":"Point","coordinates":[-122.584095762725497,45.447135531798089]}},
{"type":"Feature","properties":{"stop_id":3279,"routes":"[18 20 63]","num_routes":3},"geometry":{"type":"Point","coordinates":[-122.706660948928231,45.52332888188684]}},
{"type":"Feature","properties":{"stop_id":3301,"routes":"[ 2 10 70]","num_routes":3},"geometry":{"type":"Point","coordinates":[-122.645616938132846,45.505369502881656]}},
{"type":"Feature","properties":{"stop_id":3302,"routes":"[ 2 10 70]","num_routes":3},"geometry":{"type":"Point","coordinates":[-122.645384810220321,45.50498168477661]}},
{"type":"Feature","properties":{"stop_id":3303,"routes":"[14 70]","num_routes":2},"geometry":{"type":"Point","coordinates":[-122.653321585276117,45.511994482788744]}},
{"type":"Feature","properties":{"stop_id":3315,"routes":"[40 72]","num_routes":2},"geometry":{"type":"Point","coordinates":[-122.702568826515233,45.557685162522858]}},
{"type":"Feature","properties":{"stop_id":3328,"routes":"[ 29 152]","num_routes":2},"geometry":{"type":"Point","coordinates":[-122.603965071714214,45.430386398351288]}},
{"type":"Feature","properties":{"stop_id":3329,"routes":"[ 29 152]","num_routes":2},"geometry":{"type":"Point","coordinates":[-122.603291289993479,45.430488014135236]}},
{"type":"Feature","properties":{"stop_id":3335,"routes":"[29 32]","num_routes":2},"geometry":{"type":"Point","coordinates":[-122.628631167051466,45.435757442777394]}},
{"type":"Feature","properties":{"stop_id":3336,"routes":"[29 32]","num_routes":2},"geometry":{"type":"Point","coordinates":[-122.629416034270434,45.436117358468479]}},
{"type":"Feature","properties":{"stop_id":3352,"routes":"[29 32]","num_routes":2},"geometry":{"type":"Point","coordinates":[-122.628814286120942,45.436026704826752]}},
{"type":"Feature","properties":{"stop_id":3363,"routes":"[ 35  37  78 153]","num_routes":4},"geometry":{"type":"Point","coordinates":[-122.668023655750886,45.420049645370675]}},
{"type":"Feature","properties":{"stop_id":3365,"routes":"[35 40]","num_routes":2},"geometry":{"type":"Point","coordinates":[-122.671215866846183,45.532542078275426]}},
{"type":"Feature","properties":{"stop_id":3397,"routes":"[  2   9  17  19 290 291]","num_routes":6},"geometry":{"type":"Point","coordinates":[-122.680145945416868,45.507799335624668]}},
{"type":"Feature","properties":{"stop_id":3398,"routes":"[  2   9  17  19 290 291]","num_routes":6},"geometry":{"type":"Point","coordinates":[-122.679725360414352,45.50804900067795]}},
{"type":"Feature","properties":{"stop_id":3438,"routes":"[43 78]","num_routes":2},"geometry":{"type":"Point","coordinates":[-122.764834627842163,45.446680795794769]}},
{"type":"Feature","properties":{"stop_id":3439,"routes":"[43 78]","num_routes":2},"geometry":{"type":"Point","coordinates":[-122.764916549630328,45.446529488147625]}},
{"type":"Feature","properties":{"stop_id":3451,"routes":"[ 4 75]","num_routes":2},"geometry":{"type":"Point","coordinates":[-122.676540857770135,45.577150420214856]}},
{"type":"Feature","properties":{"stop_id":3452,"routes":"[ 4 75]","num_routes":2},"geometry":{"type":"Point","coordinates":[-122.674654065971708,45.577304889532492]}},
{"type":"Feature","properties":{"stop_id":3453,"routes":"[ 4 75]","num_routes":2},"geometry":{"type":"Point","coordinates":[-122.674380215027682,45.577138472509304]}},
{"type":"Feature","properties":{"stop_id":3454,"routes":"[53 78 88]","num_routes":3},"geometry":{"type":"Point","coordinates":[-122.80041482095065,45.476727409378775]}},
{"type":"Feature","properties":{"stop_id":3455,"routes":"[53 78 88]","num_routes":3},"geometry":{"type":"Point","coordinates":[-122.800211260660106,45.477001770620795]}},
{"type":"Feature","properties":{"stop_id":3465,"routes":"[ 4 11 16 44 75]","num_routes":5},"geometry":{"type":"Point","coordinates":[-122.75473572701317,45.590120484857444]}},
{"type":"Feature","properties":{"stop_id":3474,"routes":"[ 4 11 16 44 75]","num_routes":5},"geometry":{"type":"Point","coordinates":[-122.751814810682845,45.58919945728092]}},
{"type":"Feature","properties":{"stop_id":3485,"routes":"[ 4 75]","num_routes":2},"geometry":{"type":"Point","coordinates":[-122.686596803692609,45.577207805941356]}},
{"type":"Feature","properties":{"stop_id":3486,"routes":"[ 4 75]","num_routes":2},"geometry":{"type":"Point","coordinates":[-122.687455522225648,45.577057627076535]}},
{"type":"Feature","properties":{"stop_id":3489,"routes":"[ 4 75]","num_routes":2},"geometry":{"type":"Point","coordinates":[-122.685448640508497,45.57705527048703]}},
{"type":"Feature","properties":{"stop_id":3506,"routes":"[  4  75 190 293]","num_routes":4},"geometry":{"type":"Point","coordinates":[-122.682352578382819,45.57702915279382]}},
{"type":"Feature","properties":{"stop_id":3507,"routes":"[  4  75 190 293]","num_routes":4},"geometry":{"type":"Point","coordinates":[-122.682715552867094,45.577237327828811]}},
{"type":"Feature","properties":{"stop_id":3509,"routes":"[ 4 16 44 75]","num_routes":4},"geometry":{"type":"Point","coordinates":[-122.752771275064973,45.58962076539914]}},
{"type":"Feature","properties":{"stop_id":3521,"routes":"[ 4 75]","num_routes":2},"geometry":{"type":"Point","coordinates":[-122.676185728355549,45.577287827745614]}},
{"type":"Feature","properties":{"stop_id":3535,"routes":"[35 75]","num_routes":2},"geometry":{"type":"Point","coordinates":[-122.697008992473002,45.577208439998344]}},
{"type":"Feature","properties":{"stop_id":3537,"routes":"[35 75]","num_routes":2},"geometry":{"type":"Point","coordinates":[-122.723806055145459,45.582312321321396]}},
{"type":"Feature","properties":{"stop_id":3538,"routes":"[35 75]","num_routes":2},"geometry":{"type":"Point","coordinates":[-122.723824434497587,45.582477930791079]}},
{"type":"Feature","properties":{"stop_id":3557,"routes":"[ 6  8 75]","num_routes":3},"geometry":{"type":"Point","coordinates":[-122.662194774003041,45.577314722135029]}},
{"type":"Feature","properties":{"stop_id":3558,"routes":"[ 6  8 75]","num_routes":3},"geometry":{"type":"Point","coordinates":[-122.66157873710516,45.577104888644158]}},
{"type":"Feature","properties":{"stop_id":3580,"routes":"[53 78 88]","num_routes":3},"geometry":{"type":"Point","coordinates":[-122.800263628588553,45.478476421784869]}},
{"type":"Feature","properties":{"stop_id":3581,"routes":"[53 78 88]","num_routes":3},"geometry":{"type":"Point","coordinates":[-122.800417666031123,45.4785261324324]}},
{"type":"Feature","properties":{"stop_id":3582,"routes":"[53 78 88]","num_routes":3},"geometry":{"type":"Point","coordinates":[-122.800259641675837,45.484931627086524]}},
{"type":"Feature","properties":{"stop_id":3583,"routes":"[53 78 88]","num_routes":3},"geometry":{"type":"Point","coordinates":[-122.8002345666889,45.482806393653568]}},
{"type":"Feature","properties":{"stop_id":3584,"routes":"[53 78 88]","num_routes":3},"geometry":{"type":"Point","coordinates":[-122.800405456026169,45.483056347313209]}},
{"type":"Feature","properties":{"stop_id":3585,"routes":"[53 78 88]","num_routes":3},"geometry":{"type":"Point","coordinates":[-122.800231001822851,45.480433874411112]}},
{"type":"Feature","properties":{"stop_id":3586,"routes":"[53 78 88]","num_routes":3},"geometry":{"type":"Point","coordinates":[-122.800406020657803,45.480808189425957]}},
{"type":"Feature","properties":{"stop_id":3595,"routes":"[ 77 193]","num_routes":2},"geometry":{"type":"Point","coordinates":[-122.694690448549025,45.529842368946291]}},
{"type":"Feature","properties":{"stop_id":3603,"routes":"[35 40]","num_routes":2},"geometry":{"type":"Point","coordinates":[-122.674905573025711,45.484883323392928]}},
{"type":"Feature","properties":{"stop_id":3604,"routes":"[35 40]","num_routes":2},"geometry":{"type":"Point","coordinates":[-122.675348664984824,45.485134164504473]}},
{"type":"Feature","properties":{"stop_id":3611,"routes":"[ 35  40 193]","num_routes":3},"geometry":{"type":"Point","coordinates":[-122.672819269189475,45.496371466617617]}},
{"type":"Feature","properties":{"stop_id":3612,"routes":"[35 40]","num_routes":2},"geometry":{"type":"Point","coordinates":[-122.673844045827479,45.489964995222749]}},
{"type":"Feature","properties":{"stop_id":3613,"routes":"[35 40]","num_routes":2},"geometry":{"type":"Point","coordinates":[-122.673610147003615,45.489825920661332]}},
{"type":"Feature","properties":{"stop_id":3614,"routes":"[35 40]","num_routes":2},"geometry":{"type":"Point","coordinates":[-122.672278251469947,45.477352077467977]}},
{"type":"Feature","properties":{"stop_id":3619,"routes":"[35 40]","num_routes":2},"geometry":{"type":"Point","coordinates":[-122.671916903804274,45.477133887975491]}},
{"type":"Feature","properties":{"stop_id":3620,"routes":"[35 40]","num_routes":2},"geometry":{"type":"Point","coordinates":[-122.671613675581284,45.473045160792005]}},
{"type":"Feature","properties":{"stop_id":3622,"routes":"[35 40]","num_routes":2},"geometry":{"type":"Point","coordinates":[-122.671363540859943,45.472882484771091]}},
{"type":"Feature","properties":{"stop_id":3623,"routes":"[35 40]","num_routes":2},"geometry":{"type":"Point","coordinates":[-122.673185445404442,45.480916669029497]}},
{"type":"Feature","properties":{"stop_id":3624,"routes":"[35 40]","num_routes":2},"geometry":{"type":"Point","coordinates":[-122.673596608303242,45.481301015541227]}},
{"type":"Feature","properties":{"stop_id":3633,"routes":"[  6  10  14 195]","num_routes":4},"geometry":{"type":"Point","coordinates":[-122.660614338366884,45.513014028223338]}},
{"type":"Feature","properties":{"stop_id":3635,"routes":"[ 6 10 14 38 45 55 96]","num_routes":7},"geometry":{"type":"Point","coordinates":[-122.675853297137252,45.514460744120306]}},
{"type":"Feature","properties":{"stop_id":3637,"routes":"[14 70]","num_routes":2},"geometry":{"type":"Point","coordinates":[-122.654565461786916,45.512990745441755]}},
{"type":"Feature","properties":{"stop_id":3639,"routes":"[  1   4   6   8  10  12  14  58 190 200 290 291 293]","num_routes":13},"geometry":{"type":"Point","coordinates":[-122.678587170345253,45.515194701584235]}},
{"type":"Feature","properties":{"stop_id":3653,"routes":"[12 45 94]","num_routes":3},"geometry":{"type":"Point","coordinates":[-122.772170840638651,45.430126427101754]}},
{"type":"Feature","properties":{"stop_id":3654,"routes":"[12 45 94]","num_routes":3},"geometry":{"type":"Point","coordinates":[-122.772331378843276,45.429896300626417]}},
{"type":"Feature","properties":{"stop_id":3687,"routes":"[ 47 100 288]","num_routes":3},"geometry":{"type":"Point","coordinates":[-122.970612807093318,45.521984654399382]}},
{"type":"Feature","properties":{"stop_id":3688,"routes":"[ 47 100 288]","num_routes":3},"geometry":{"type":"Point","coordinates":[-122.969517765569591,45.521752223966402]}},
{"type":"Feature","properties":{"stop_id":3690,"routes":"[32 34 79]","num_routes":3},"geometry":{"type":"Point","coordinates":[-122.602204721731894,45.36165866772393]}},
{"type":"Feature","properties":{"stop_id":3778,"routes":"[76 96 97]","num_routes":3},"geometry":{"type":"Point","coordinates":[-122.758803783349165,45.384131248226488]}},
{"type":"Feature","properties":{"stop_id":3798,"routes":"[ 33 290 291]","num_routes":3},"geometry":{"type":"Point","coordinates":[-122.634519875156727,45.430520621331794]}},
{"type":"Feature","properties":{"stop_id":3831,"routes":"[31 32 33 34]","num_routes":4},"geometry":{"type":"Point","coordinates":[-122.601351825229756,45.368449206352508]}},
{"type":"Feature","properties":{"stop_id":3842,"routes":"[31 32 33 34]","num_routes":4},"geometry":{"type":"Point","coordinates":[-122.600915571008912,45.368850301722198]}},
{"type":"Feature","properties":{"stop_id":3848,"routes":"[ 33 290 291]","num_routes":3},"geometry":{"type":"Point","coordinates":[-122.635052207888052,45.431268335589863]}},
{"type":"Feature","properties":{"stop_id":3873,"routes":"[20 25 81]","num_routes":3},"geometry":{"type":"Point","coordinates":[-122.397664544933633,45.515400789648083]}},
{"type":"Feature","properties":{"stop_id":3908,"routes":"[19 70]","num_routes":2},"geometry":{"type":"Point","coordinates":[-122.652893390876301,45.494524074786717]}},
{"type":"Feature","properties":{"stop_id":3909,"routes":"[19 70]","num_routes":2},"geometry":{"type":"Point","coordinates":[-122.652913251904863,45.494118026285463]}},
{"type":"Feature","properties":{"stop_id":3911,"routes":"[19 70]","num_routes":2},"geometry":{"type":"Point","coordinates":[-122.64899796354436,45.475231623637924]}},
{"type":"Feature","properties":{"stop_id":3912,"routes":"[19 70]","num_routes":2},"geometry":{"type":"Point","coordinates":[-122.648886998423492,45.475445338572563]}},
{"type":"Feature","properties":{"stop_id":3916,"routes":"[19 70]","num_routes":2},"geometry":{"type":"Point","coordinates":[-122.654158822208004,45.498198679753479]}},
{"type":"Feature","properties":{"stop_id":3917,"routes":"[19 70]","num_routes":2},"geometry":{"type":"Point","coordinates":[-122.653962593807009,45.498133125523005]}},
{"type":"Feature","properties":{"stop_id":3921,"routes":"[19 70]","num_routes":2},"geometry":{"type":"Point","coordinates":[-122.649688994336699,45.483860964321742]}},
{"type":"Feature","properties":{"stop_id":3922,"routes":"[19 70]","num_routes":2},"geometry":{"type":"Point","coordinates":[-122.649527660077226,45.48417561229418]}},
{"type":"Feature","properties":{"stop_id":3928,"routes":"[19 70]","num_routes":2},"geometry":{"type":"Point","coordinates":[-122.650759520424089,45.488371635777476]}},
{"type":"Feature","properties":{"stop_id":3929,"routes":"[19 70]","num_routes":2},"geometry":{"type":"Point","coordinates":[-122.650716576173366,45.488864413586917]}},
{"type":"Feature","properties":{"stop_id":3931,"routes":"[19 70]","num_routes":2},"geometry":{"type":"Point","coordinates":[-122.651785216503555,45.491500956458147]}},
{"type":"Feature","properties":{"stop_id":3932,"routes":"[19 70]","num_routes":2},"geometry":{"type":"Point","coordinates":[-122.651475075370982,45.491223605509091]}},
{"type":"Feature","properties":{"stop_id":3933,"routes":"[19 70]","num_routes":2},"geometry":{"type":"Point","coordinates":[-122.649847246081436,45.486111258925241]}},
{"type":"Feature","properties":{"stop_id":3935,"routes":"[19 70]","num_routes":2},"geometry":{"type":"Point","coordinates":[-122.649980601363509,45.486020161656775]}},
{"type":"Feature","properties":{"stop_id":3938,"routes":"[19 70]","num_routes":2},"geometry":{"type":"Point","coordinates":[-122.649670769412566,45.480929360250975]}},
{"type":"Feature","properties":{"stop_id":3940,"routes":"[19 70]","num_routes":2},"geometry":{"type":"Point","coordinates":[-122.649491849168072,45.480771713263742]}},
{"type":"Feature","properties":{"stop_id":3946,"routes":"[19 70]","num_routes":2},"geometry":{"type":"Point","coordinates":[-122.649264341097876,45.477295502186394]}},
{"type":"Feature","properties":{"stop_id":3947,"routes":"[19 70]","num_routes":2},"geometry":{"type":"Point","coordinates":[-122.649077398478184,45.477064922824958]}},
{"type":"Feature","properties":{"stop_id":4013,"routes":"[  6  15 195]","num_routes":3},"geometry":{"type":"Point","coordinates":[-122.660546037136868,45.517327619736399]}},
{"type":"Feature","properties":{"stop_id":4014,"routes":"[15 70]","num_routes":2},"geometry":{"type":"Point","coordinates":[-122.654007965038403,45.517303059912038]}},
{"type":"Feature","properties":{"stop_id":4042,"routes":"[  6   8  77 195]","num_routes":4},"geometry":{"type":"Point","coordinates":[-122.660193512623081,45.531424559864121]}},
{"type":"Feature","properties":{"stop_id":4043,"routes":"[  6   8  77 195]","num_routes":4},"geometry":{"type":"Point","coordinates":[-122.660496500034654,45.531591998565119]}},
{"type":"Feature","properties":{"stop_id":4045,"routes":"[ 8 70]","num_routes":2},"geometry":{"type":"Point","coordinates":[-122.65236479511843,45.531576774721621]}},
{"type":"Feature","properties":{"stop_id":4047,"routes":"[ 8 70]","num_routes":2},"geometry":{"type":"Point","coordinates":[-122.652126099089969,45.531336546877831]}},
{"type":"Feature","properties":{"stop_id":4048,"routes":"[ 8 70]","num_routes":2},"geometry":{"type":"Point","coordinates":[-122.649753622036641,45.531385718199282]}},
{"type":"Feature","properties":{"stop_id":4049,"routes":"[ 8 70]","num_routes":2},"geometry":{"type":"Point","coordinates":[-122.649273128603241,45.531558217368257]}},
{"type":"Feature","properties":{"stop_id":4055,"routes":"[  8  77 287 292]","num_routes":4},"geometry":{"type":"Point","coordinates":[-122.656829308965982,45.531403390885124]}},
{"type":"Feature","properties":{"stop_id":4068,"routes":"[52 62]","num_routes":2},"geometry":{"type":"Point","coordinates":[-122.826303194331615,45.485369488487216]}},
{"type":"Feature","properties":{"stop_id":4069,"routes":"[52 62]","num_routes":2},"geometry":{"type":"Point","coordinates":[-122.825944637493933,45.486341696251259]}},
{"type":"Feature","properties":{"stop_id":4087,"routes":"[57 62]","num_routes":2},"geometry":{"type":"Point","coordinates":[-122.826004213669989,45.489188814425141]}},
{"type":"Feature","properties":{"stop_id":4088,"routes":"[57 62]","num_routes":2},"geometry":{"type":"Point","coordinates":[-122.826344989042781,45.489048546145789]}},
{"type":"Feature","properties":{"stop_id":4091,"routes":"[59 62]","num_routes":2},"geometry":{"type":"Point","coordinates":[-122.822017394396823,45.510927327604215]}},
{"type":"Feature","properties":{"stop_id":4123,"routes":"[47 48 57]","num_routes":3},"geometry":{"type":"Point","coordinates":[-122.979265112420165,45.51869425287898]}},
{"type":"Feature","properties":{"stop_id":4154,"routes":"[31 32]","num_routes":2},"geometry":{"type":"Point","coordinates":[-122.584308012649259,45.38461546253567]}},
{"type":"Feature","properties":{"stop_id":4164,"routes":"[31 32]","num_routes":2},"geometry":{"type":"Point","coordinates":[-122.585066607441689,45.386155219419635]}},
{"type":"Feature","properties":{"stop_id":4171,"routes":"[31 32]","num_routes":2},"geometry":{"type":"Point","coordinates":[-122.586580457806676,45.388181458540636]}},
{"type":"Feature","properties":{"stop_id":4208,"routes":"[45 78]","num_routes":2},"geometry":{"type":"Point","coordinates":[-122.773355391623994,45.45372147551938]}},
{"type":"Feature","properties":{"stop_id":4209,"routes":"[45 78]","num_routes":2},"geometry":{"type":"Point","coordinates":[-122.773452959873111,45.453910250276429]}},
{"type":"Feature","properties":{"stop_id":4287,"routes":"[15 22 23 24 25 87]","num_routes":6},"geometry":{"type":"Point","coordinates":[-122.560880606051114,45.529412606514576]}},
{"type":"Feature","properties":{"stop_id":4288,"routes":"[15 22 23 24 25 87]","num_routes":6},"geometry":{"type":"Point","coordinates":[-122.560479203713683,45.529569026734109]}},
{"type":"Feature","properties":{"stop_id":4317,"routes":"[45 94]","num_routes":2},"geometry":{"type":"Point","coordinates":[-122.77844437398835,45.426703013793812]}},
{"type":"Feature","properties":{"stop_id":4318,"routes":"[45 94]","num_routes":2},"geometry":{"type":"Point","coordinates":[-122.778306617659666,45.427099666105221]}},
{"type":"Feature","properties":{"stop_id":4340,"routes":"[51 63]","num_routes":2},"geometry":{"type":"Point","coordinates":[-122.696654062435059,45.521357059204135]}},
{"type":"Feature","properties":{"stop_id":4343,"routes":"[51 63]","num_routes":2},"geometry":{"type":"Point","coordinates":[-122.698970451160847,45.521366243739976]}},
{"type":"Feature","properties":{"stop_id":4345,"routes":"[51 63]","num_routes":2},"geometry":{"type":"Point","coordinates":[-122.69557051636022,45.521242003273997]}},
{"type":"Feature","properties":{"stop_id":4350,"routes":"[51 63]","num_routes":2},"geometry":{"type":"Point","coordinates":[-122.697885178935266,45.521252658528041]}},
{"type":"Feature","properties":{"stop_id":4369,"routes":"[20 59]","num_routes":2},"geometry":{"type":"Point","coordinates":[-122.796622134390105,45.507922876950389]}},
{"type":"Feature","properties":{"stop_id":4370,"routes":"[20 59]","num_routes":2},"geometry":{"type":"Point","coordinates":[-122.796415162850124,45.507709361090434]}},
{"type":"Feature","properties":{"stop_id":4429,"routes":"[52 67]","num_routes":2},"geometry":{"type":"Point","coordinates":[-122.859435220803945,45.566004462496473]}},
{"type":"Feature","properties":{"stop_id":4431,"routes":"[44 78]","num_routes":2},"geometry":{"type":"Point","coordinates":[-122.730191145731894,45.437964522262661]}},
{"type":"Feature","properties":{"stop_id":4434,"routes":"[ 4 35]","num_routes":2},"geometry":{"type":"Point","coordinates":[-122.697169637329466,45.582520438892459]}},
{"type":"Feature","properties":{"stop_id":4435,"routes":"[ 4 35]","num_routes":2},"geometry":{"type":"Point","coordinates":[-122.697311309149995,45.582858947870804]}},
{"type":"Feature","properties":{"stop_id":4437,"routes":"[35 75]","num_routes":2},"geometry":{"type":"Point","coordinates":[-122.697347387229044,45.577846351528414]}},
{"type":"Feature","properties":{"stop_id":4440,"routes":"[11 16]","num_routes":2},"geometry":{"type":"Point","coordinates":[-122.755576833017102,45.58935065749457]}},
{"type":"Feature","properties":{"stop_id":4455,"routes":"[ 4 44]","num_routes":2},"geometry":{"type":"Point","coordinates":[-122.675068738319254,45.569840403888797]}},
{"type":"Feature","properties":{"stop_id":4456,"routes":"[31 32 34]","num_routes":3},"geometry":{"type":"Point","coordinates":[-122.59355354791694,45.37850351948186]}},
{"type":"Feature","properties":{"stop_id":4462,"routes":"[31 34]","num_routes":2},"geometry":{"type":"Point","coordinates":[-122.594744349009048,45.380334209840512]}},
{"type":"Feature","properties":{"stop_id":4463,"routes":"[31 34]","num_routes":2},"geometry":{"type":"Point","coordinates":[-122.594393933718052,45.380169064021793]}},
{"type":"Feature","properties":{"stop_id":4470,"routes":"[35 44]","num_routes":2},"geometry":{"type":"Point","coordinates":[-122.6952274737518,45.569862226999838]}},
{"type":"Feature","properties":{"stop_id":4471,"routes":"[35 44]","num_routes":2},"geometry":{"type":"Point","coordinates":[-122.695303919384799,45.570043143030873]}},
{"type":"Feature","properties":{"stop_id":4473,"routes":"[ 44 190 293]","num_routes":3},"geometry":{"type":"Point","coordinates":[-122.68175761715267,45.569991670389584]}},
{"type":"Feature","properties":{"stop_id":4474,"routes":"[ 44 190 293]","num_routes":3},"geometry":{"type":"Point","coordinates":[-122.681728571207742,45.569790338139306]}},
{"type":"Feature","properties":{"stop_id":4494,"routes":"[35 75]","num_routes":2},"geometry":{"type":"Point","coordinates":[-122.723958803408237,45.582817884329991]}},
{"type":"Feature","properties":{"stop_id":4495,"routes":"[35 75]","num_routes":2},"geometry":{"type":"Point","coordinates":[-122.724046764125475,45.582346616146104]}},
{"type":"Feature","properties":{"stop_id":4518,"routes":"[81 82 84]","num_routes":3},"geometry":{"type":"Point","coordinates":[-122.407544540176502,45.494182822325683]}},
{"type":"Feature","properties":{"stop_id":4520,"routes":"[81 82 84]","num_routes":3},"geometry":{"type":"Point","coordinates":[-122.421223012390726,45.49792677507066]}},
{"type":"Feature","properties":{"stop_id":4521,"routes":"[81 82 84]","num_routes":3},"geometry":{"type":"Point","coordinates":[-122.421790931514238,45.49815614515601]}},
{"type":"Feature","properties":{"stop_id":4522,"routes":"[ 9 74 82 87]","num_routes":4},"geometry":{"type":"Point","coordinates":[-122.473434920911274,45.489642087914]}},
{"type":"Feature","properties":{"stop_id":4523,"routes":"[ 9 74 82 87]","num_routes":4},"geometry":{"type":"Point","coordinates":[-122.473661553167247,45.489933443728937]}},
{"type":"Feature","properties":{"stop_id":4528,"routes":"[81 82 84]","num_routes":3},"geometry":{"type":"Point","coordinates":[-122.41379276661057,45.497956255752847]}},
{"type":"Feature","properties":{"stop_id":4529,"routes":"[81 82 84]","num_routes":3},"geometry":{"type":"Point","coordinates":[-122.414520746998505,45.497834378092186]}},
{"type":"Feature","properties":{"stop_id":4531,"routes":"[81 82 84]","num_routes":3},"geometry":{"type":"Point","coordinates":[-122.418737799176839,45.49789310801799]}},
{"type":"Feature","properties":{"stop_id":4538,"routes":"[  9  17  19  70 291]","num_routes":5},"geometry":{"type":"Point","coordinates":[-122.654693181142136,45.501417050850712]}},
{"type":"Feature","properties":{"stop_id":4545,"routes":"[81 82 84]","num_routes":3},"geometry":{"type":"Point","coordinates":[-122.409743273601535,45.494333288754518]}},
{"type":"Feature","properties":{"stop_id":4546,"routes":"[81 82 84]","num_routes":3},"geometry":{"type":"Point","coordinates":[-122.409833530907392,45.494572948955941]}},
{"type":"Feature","properties":{"stop_id":4554,"routes":"[ 9 74]","num_routes":2},"geometry":{"type":"Point","coordinates":[-122.479764508599217,45.491440749435867]}},
{"type":"Feature","properties":{"stop_id":4572,"routes":"[ 9 73]","num_routes":2},"geometry":{"type":"Point","coordinates":[-122.538089059200459,45.49715404067021]}},
{"type":"Feature","properties":{"stop_id":4573,"routes":"[ 9 73]","num_routes":2},"geometry":{"type":"Point","coordinates":[-122.537121976953884,45.496979401471833]}},
{"type":"Feature","properties":{"stop_id":4585,"routes":"[ 9 86]","num_routes":2},"geometry":{"type":"Point","coordinates":[-122.523056456223784,45.497853335124596]}},
{"type":"Feature","properties":{"stop_id":4586,"routes":"[ 9 86]","num_routes":2},"geometry":{"type":"Point","coordinates":[-122.523939206214706,45.497886518266654]}},
{"type":"Feature","properties":{"stop_id":4587,"routes":"[ 9 86]","num_routes":2},"geometry":{"type":"Point","coordinates":[-122.52120428232594,45.498334599145799]}},
{"type":"Feature","properties":{"stop_id":4588,"routes":"[ 9 86]","num_routes":2},"geometry":{"type":"Point","coordinates":[-122.520853318913865,45.498239111110642]}},
{"type":"Feature","properties":{"stop_id":4591,"routes":"[ 9 86]","num_routes":2},"geometry":{"type":"Point","coordinates":[-122.519225906486909,45.498662768975571]}},
{"type":"Feature","properties":{"stop_id":4592,"routes":"[ 9 86]","num_routes":2},"geometry":{"type":"Point","coordinates":[-122.518535897916436,45.498655212676049]}},
{"type":"Feature","properties":{"stop_id":4595,"routes":"[ 9 86]","num_routes":2},"geometry":{"type":"Point","coordinates":[-122.513728694543957,45.49895157693561]}},
{"type":"Feature","properties":{"stop_id":4596,"routes":"[ 9 86]","num_routes":2},"geometry":{"type":"Point","coordinates":[-122.51352723459712,45.498743149204522]}},
{"type":"Feature","properties":{"stop_id":4597,"routes":"[ 9 86]","num_routes":2},"geometry":{"type":"Point","coordinates":[-122.510949635305749,45.498257854904971]}},
{"type":"Feature","properties":{"stop_id":4598,"routes":"[ 9 86]","num_routes":2},"geometry":{"type":"Point","coordinates":[-122.510134038560139,45.497802506851009]}},
{"type":"Feature","properties":{"stop_id":4609,"routes":"[ 9 74]","num_routes":2},"geometry":{"type":"Point","coordinates":[-122.494728133321047,45.494468050033468]}},
{"type":"Feature","properties":{"stop_id":4610,"routes":"[ 9 74]","num_routes":2},"geometry":{"type":"Point","coordinates":[-122.492035121088193,45.49374068921334]}},
{"type":"Feature","properties":{"stop_id":4611,"routes":"[ 9 74]","num_routes":2},"geometry":{"type":"Point","coordinates":[-122.492887029212923,45.494077922656608]}},
{"type":"Feature","properties":{"stop_id":4613,"routes":"[ 9 74]","num_routes":2},"geometry":{"type":"Point","coordinates":[-122.490581041926703,45.49360667149265]}},
{"type":"Feature","properties":{"stop_id":4614,"routes":"[ 9 74]","num_routes":2},"geometry":{"type":"Point","coordinates":[-122.48765946249658,45.493008206664385]}},
{"type":"Feature","properties":{"stop_id":4615,"routes":"[ 9 74]","num_routes":2},"geometry":{"type":"Point","coordinates":[-122.483888056562336,45.492090298705079]}},
{"type":"Feature","properties":{"stop_id":4616,"routes":"[ 9 74]","num_routes":2},"geometry":{"type":"Point","coordinates":[-122.484468865034458,45.492375508235412]}},
{"type":"Feature","properties":{"stop_id":4617,"routes":"[ 9 74]","num_routes":2},"geometry":{"type":"Point","coordinates":[-122.477121354927746,45.490918267343915]}},
{"type":"Feature","properties":{"stop_id":4618,"routes":"[ 9 87]","num_routes":2},"geometry":{"type":"Point","coordinates":[-122.474975309239781,45.490087377723185]}},
{"type":"Feature","properties":{"stop_id":4622,"routes":"[ 9 70]","num_routes":2},"geometry":{"type":"Point","coordinates":[-122.644239371801959,45.499149024649107]}},
{"type":"Feature","properties":{"stop_id":4623,"routes":"[ 9 70]","num_routes":2},"geometry":{"type":"Point","coordinates":[-122.644510803997889,45.499402617119337]}},
{"type":"Feature","properties":{"stop_id":4627,"routes":"[ 9 10]","num_routes":2},"geometry":{"type":"Point","coordinates":[-122.639793935083787,45.497852106509121]}},
{"type":"Feature","properties":{"stop_id":4638,"routes":"[81 82 84]","num_routes":3},"geometry":{"type":"Point","coordinates":[-122.41198075480564,45.496118199822554]}},
{"type":"Feature","properties":{"stop_id":4639,"routes":"[81 82 84]","num_routes":3},"geometry":{"type":"Point","coordinates":[-122.412123293576101,45.495763824698095]}},
{"type":"Feature","properties":{"stop_id":4651,"routes":"[ 9 75]","num_routes":2},"geometry":{"type":"Point","coordinates":[-122.622231477685517,45.497234259743685]}},
{"type":"Feature","properties":{"stop_id":4653,"routes":"[ 9 75]","num_routes":2},"geometry":{"type":"Point","coordinates":[-122.623044426723396,45.497432220491604]}},
{"type":"Feature","properties":{"stop_id":4664,"routes":"[ 9 14]","num_routes":2},"geometry":{"type":"Point","coordinates":[-122.612360856842685,45.497638668321528]}},
{"type":"Feature","properties":{"stop_id":4666,"routes":"[ 9 14]","num_routes":2},"geometry":{"type":"Point","coordinates":[-122.610654517677943,45.497389398236265]}},
{"type":"Feature","properties":{"stop_id":4667,"routes":"[ 9 71]","num_routes":2},"geometry":{"type":"Point","coordinates":[-122.608566436791747,45.497377524591506]}},
{"type":"Feature","properties":{"stop_id":4668,"routes":"[ 9 71]","num_routes":2},"geometry":{"type":"Point","coordinates":[-122.609561609235399,45.497601044303231]}},
{"type":"Feature","properties":{"stop_id":4693,"routes":"[ 9 72]","num_routes":2},"geometry":{"type":"Point","coordinates":[-122.578258483852935,45.49730354139097]}},
{"type":"Feature","properties":{"stop_id":4695,"routes":"[ 9 72]","num_routes":2},"geometry":{"type":"Point","coordinates":[-122.579202369462834,45.497546189537651]}},
{"type":"Feature","properties":{"stop_id":4713,"routes":"[82 84]","num_routes":2},"geometry":{"type":"Point","coordinates":[-122.403531740948694,45.493072209990743]}},
{"type":"Feature","properties":{"stop_id":4714,"routes":"[82 84]","num_routes":2},"geometry":{"type":"Point","coordinates":[-122.40350376208653,45.493296020782786]}},
{"type":"Feature","properties":{"stop_id":4715,"routes":"[82 84]","num_routes":2},"geometry":{"type":"Point","coordinates":[-122.401263424439577,45.492549136367593]}},
{"type":"Feature","properties":{"stop_id":4716,"routes":"[82 84]","num_routes":2},"geometry":{"type":"Point","coordinates":[-122.39822785993708,45.491564362622171]}},
{"type":"Feature","properties":{"stop_id":4717,"routes":"[82 84]","num_routes":2},"geometry":{"type":"Point","coordinates":[-122.399468473894302,45.492157876418787]}},
{"type":"Feature","properties":{"stop_id":4720,"routes":"[82 84]","num_routes":2},"geometry":{"type":"Point","coordinates":[-122.401790391095119,45.492903844971949]}},
{"type":"Feature","properties":{"stop_id":4724,"routes":"[73 87]","num_routes":2},"geometry":{"type":"Point","coordinates":[-122.557978167541876,45.555328219252154]}},
{"type":"Feature","properties":{"stop_id":4730,"routes":"[73 87]","num_routes":2},"geometry":{"type":"Point","coordinates":[-122.558504490004552,45.555478115088697]}},
{"type":"Feature","properties":{"stop_id":4731,"routes":"[73 87]","num_routes":2},"geometry":{"type":"Point","coordinates":[-122.554896464896416,45.555309804090825]}},
{"type":"Feature","properties":{"stop_id":4732,"routes":"[73 87]","num_routes":2},"geometry":{"type":"Point","coordinates":[-122.555218172203837,45.55546223389679]}},
{"type":"Feature","properties":{"stop_id":4760,"routes":"[71 72]","num_routes":2},"geometry":{"type":"Point","coordinates":[-122.578822209390623,45.555374386354785]}},
{"type":"Feature","properties":{"stop_id":4761,"routes":"[71 72]","num_routes":2},"geometry":{"type":"Point","coordinates":[-122.579294434091864,45.555496284088882]}},
{"type":"Feature","properties":{"stop_id":4764,"routes":"[12 71]","num_routes":2},"geometry":{"type":"Point","coordinates":[-122.572437079010953,45.555636714233472]}},
{"type":"Feature","properties":{"stop_id":4766,"routes":"[73 87]","num_routes":2},"geometry":{"type":"Point","coordinates":[-122.567763163551163,45.555323264247917]}},
{"type":"Feature","properties":{"stop_id":4767,"routes":"[73 87]","num_routes":2},"geometry":{"type":"Point","coordinates":[-122.56777976058045,45.555459017087877]}},
{"type":"Feature","properties":{"stop_id":4769,"routes":"[73 87]","num_routes":2},"geometry":{"type":"Point","coordinates":[-122.562825883711454,45.555338738705586]}},
{"type":"Feature","properties":{"stop_id":4770,"routes":"[73 87]","num_routes":2},"geometry":{"type":"Point","coordinates":[-122.560951394599613,45.555318177899217]}},
{"type":"Feature","properties":{"stop_id":4787,"routes":"[24 26 77]","num_routes":3},"geometry":{"type":"Point","coordinates":[-122.694987769227765,45.535527692095243]}},
{"type":"Feature","properties":{"stop_id":4817,"routes":"[ 4 11 44]","num_routes":3},"geometry":{"type":"Point","coordinates":[-122.751876223967656,45.587597519561129]}},
{"type":"Feature","properties":{"stop_id":4818,"routes":"[ 4 11 44]","num_routes":3},"geometry":{"type":"Point","coordinates":[-122.751898292020286,45.587894270044792]}},
{"type":"Feature","properties":{"stop_id":4835,"routes":"[33 34]","num_routes":2},"geometry":{"type":"Point","coordinates":[-122.609380548854915,45.385039712103548]}},
{"type":"Feature","properties":{"stop_id":4943,"routes":"[29 31]","num_routes":2},"geometry":{"type":"Point","coordinates":[-122.588149637907478,45.406795216671654]}},
{"type":"Feature","properties":{"stop_id":5006,"routes":"[18 24 26 51 63]","num_routes":5},"geometry":{"type":"Point","coordinates":[-122.692378895719983,45.520165399466087]}},
{"type":"Feature","properties":{"stop_id":5018,"routes":"[51 63]","num_routes":2},"geometry":{"type":"Point","coordinates":[-122.693962112167341,45.5207420474514]}},
{"type":"Feature","properties":{"stop_id":5019,"routes":"[51 63]","num_routes":2},"geometry":{"type":"Point","coordinates":[-122.693785296304043,45.520560454143578]}},
{"type":"Feature","properties":{"stop_id":5027,"routes":"[  8  43  56 208]","num_routes":4},"geometry":{"type":"Point","coordinates":[-122.684279872127533,45.500303942277128]}},
{"type":"Feature","properties":{"stop_id":5028,"routes":"[ 8 43 56]","num_routes":3},"geometry":{"type":"Point","coordinates":[-122.685549874319662,45.499341544584631]}},
{"type":"Feature","properties":{"stop_id":5032,"routes":"[ 8 43 56]","num_routes":3},"geometry":{"type":"Point","coordinates":[-122.687175573264099,45.499047764111502]}},
{"type":"Feature","properties":{"stop_id":5035,"routes":"[23 73]","num_routes":2},"geometry":{"type":"Point","coordinates":[-122.537086888553333,45.53715809616223]}},
{"type":"Feature","properties":{"stop_id":5036,"routes":"[23 73]","num_routes":2},"geometry":{"type":"Point","coordinates":[-122.537364901618929,45.537300526419372]}},
{"type":"Feature","properties":{"stop_id":5044,"routes":"[12 19]","num_routes":2},"geometry":{"type":"Point","coordinates":[-122.646179469287674,45.52557331980794]}},
{"type":"Feature","properties":{"stop_id":5045,"routes":"[12 24]","num_routes":2},"geometry":{"type":"Point","coordinates":[-122.589547901151747,45.547997794681507]}},
{"type":"Feature","properties":{"stop_id":5051,"routes":"[12 71]","num_routes":2},"geometry":{"type":"Point","coordinates":[-122.569718270327371,45.555987384805377]}},
{"type":"Feature","properties":{"stop_id":5052,"routes":"[12 71]","num_routes":2},"geometry":{"type":"Point","coordinates":[-122.571203196704232,45.555588453301347]}},
{"type":"Feature","properties":{"stop_id":5058,"routes":"[12 19 20]","num_routes":3},"geometry":{"type":"Point","coordinates":[-122.651442892225319,45.523772368894043]}},
{"type":"Feature","properties":{"stop_id":5060,"routes":"[12 19 20]","num_routes":3},"geometry":{"type":"Point","coordinates":[-122.649381608828932,45.52458645154497]}},
{"type":"Feature","properties":{"stop_id":5061,"routes":"[12 19]","num_routes":2},"geometry":{"type":"Point","coordinates":[-122.647798279026162,45.524976957546428]}},
{"type":"Feature","properties":{"stop_id":5062,"routes":"[12 19]","num_routes":2},"geometry":{"type":"Point","coordinates":[-122.64794048120477,45.525115181261285]}},
{"type":"Feature","properties":{"stop_id":5063,"routes":"[12 19]","num_routes":2},"geometry":{"type":"Point","coordinates":[-122.645103801960275,45.526164487811251]}},
{"type":"Feature","properties":{"stop_id":5087,"routes":"[12 75]","num_routes":2},"geometry":{"type":"Point","coordinates":[-122.619524442471118,45.536204243542983]}},
{"type":"Feature","properties":{"stop_id":5104,"routes":"[12 71]","num_routes":2},"geometry":{"type":"Point","coordinates":[-122.604789419198823,45.54203847882512]}},
{"type":"Feature","properties":{"stop_id":5105,"routes":"[12 71]","num_routes":2},"geometry":{"type":"Point","coordinates":[-122.605093111338078,45.542142463090137]}},
{"type":"Feature","properties":{"stop_id":5125,"routes":"[12 24]","num_routes":2},"geometry":{"type":"Point","coordinates":[-122.590032820507346,45.548013765284018]}},
{"type":"Feature","properties":{"stop_id":5138,"routes":"[12 72]","num_routes":2},"geometry":{"type":"Point","coordinates":[-122.578134154525941,45.552559466289935]}},
{"type":"Feature","properties":{"stop_id":5139,"routes":"[12 72]","num_routes":2},"geometry":{"type":"Point","coordinates":[-122.578446114704107,45.552624014551206]}},
{"type":"Feature","properties":{"stop_id":5144,"routes":"[12 71]","num_routes":2},"geometry":{"type":"Point","coordinates":[-122.57267730639434,45.5549821890746]}},
{"type":"Feature","properties":{"stop_id":5159,"routes":"[56 78]","num_routes":2},"geometry":{"type":"Point","coordinates":[-122.778848237764777,45.463850980532584]}},
{"type":"Feature","properties":{"stop_id":5160,"routes":"[56 78]","num_routes":2},"geometry":{"type":"Point","coordinates":[-122.78175110274222,45.45779253912707]}},
{"type":"Feature","properties":{"stop_id":5161,"routes":"[56 78]","num_routes":2},"geometry":{"type":"Point","coordinates":[-122.781950223995466,45.458032496384199]}},
{"type":"Feature","properties":{"stop_id":5164,"routes":"[45 62]","num_routes":2},"geometry":{"type":"Point","coordinates":[-122.786529636948146,45.449522098332423]}},
{"type":"Feature","properties":{"stop_id":5165,"routes":"[45 62]","num_routes":2},"geometry":{"type":"Point","coordinates":[-122.796020930782902,45.445058168915331]}},
{"type":"Feature","properties":{"stop_id":5166,"routes":"[45 62]","num_routes":2},"geometry":{"type":"Point","coordinates":[-122.796148734005925,45.445301579498661]}},
{"type":"Feature","properties":{"stop_id":5167,"routes":"[56 78]","num_routes":2},"geometry":{"type":"Point","coordinates":[-122.7804555066283,45.460726960317849]}},
{"type":"Feature","properties":{"stop_id":5168,"routes":"[56 78]","num_routes":2},"geometry":{"type":"Point","coordinates":[-122.780340218164596,45.460518125753929]}},
{"type":"Feature","properties":{"stop_id":5169,"routes":"[56 78]","num_routes":2},"geometry":{"type":"Point","coordinates":[-122.779687451176216,45.462252470403108]}},
{"type":"Feature","properties":{"stop_id":5170,"routes":"[56 78]","num_routes":2},"geometry":{"type":"Point","coordinates":[-122.779465272601016,45.46213342139152]}},
{"type":"Feature","properties":{"stop_id":5172,"routes":"[54 55 56]","num_routes":3},"geometry":{"type":"Point","coordinates":[-122.748760507986702,45.48638307864676]}},
{"type":"Feature","properties":{"stop_id":5173,"routes":"[56 78]","num_routes":2},"geometry":{"type":"Point","coordinates":[-122.77859859466497,45.463801349402665]}},
{"type":"Feature","properties":{"stop_id":5175,"routes":"[56 78]","num_routes":2},"geometry":{"type":"Point","coordinates":[-122.776423674926022,45.467955662518094]}},
{"type":"Feature","properties":{"stop_id":5176,"routes":"[56 78]","num_routes":2},"geometry":{"type":"Point","coordinates":[-122.776923546154109,45.467445219799906]}},
{"type":"Feature","properties":{"stop_id":5180,"routes":"[56 78]","num_routes":2},"geometry":{"type":"Point","coordinates":[-122.778080908999456,45.465219121073062]}},
{"type":"Feature","properties":{"stop_id":5181,"routes":"[56 78]","num_routes":2},"geometry":{"type":"Point","coordinates":[-122.777948761526929,45.46496716000059]}},
{"type":"Feature","properties":{"stop_id":5189,"routes":"[45 62]","num_routes":2},"geometry":{"type":"Point","coordinates":[-122.790366566513043,45.447215262162466]}},
{"type":"Feature","properties":{"stop_id":5190,"routes":"[45 62]","num_routes":2},"geometry":{"type":"Point","coordinates":[-122.789043085097646,45.447465283019923]}},
{"type":"Feature","properties":{"stop_id":5197,"routes":"[45 62]","num_routes":2},"geometry":{"type":"Point","coordinates":[-122.79308205525831,45.445820965549416]}},
{"type":"Feature","properties":{"stop_id":5225,"routes":"[22 87]","num_routes":2},"geometry":{"type":"Point","coordinates":[-122.557588518420559,45.55182580114424]}},
{"type":"Feature","properties":{"stop_id":5234,"routes":"[22 73]","num_routes":2},"geometry":{"type":"Point","coordinates":[-122.537482698029649,45.5516158381322]}},
{"type":"Feature","properties":{"stop_id":5235,"routes":"[22 73]","num_routes":2},"geometry":{"type":"Point","coordinates":[-122.536942084843488,45.551780410644518]}},
{"type":"Feature","properties":{"stop_id":5314,"routes":"[39 43]","num_routes":2},"geometry":{"type":"Point","coordinates":[-122.690544691943757,45.463192879387869]}},
{"type":"Feature","properties":{"stop_id":5315,"routes":"[39 43]","num_routes":2},"geometry":{"type":"Point","coordinates":[-122.693128354652075,45.463474446589522]}},
{"type":"Feature","properties":{"stop_id":5316,"routes":"[39 43]","num_routes":2},"geometry":{"type":"Point","coordinates":[-122.692871724137859,45.463550619163257]}},
{"type":"Feature","properties":{"stop_id":5317,"routes":"[39 43]","num_routes":2},"geometry":{"type":"Point","coordinates":[-122.695373629744992,45.463441303124206]}},
{"type":"Feature","properties":{"stop_id":5318,"routes":"[39 43]","num_routes":2},"geometry":{"type":"Point","coordinates":[-122.695545798718214,45.463558662236487]}},
{"type":"Feature","properties":{"stop_id":5319,"routes":"[39 43]","num_routes":2},"geometry":{"type":"Point","coordinates":[-122.697260197617155,45.46402222400522]}},
{"type":"Feature","properties":{"stop_id":5373,"routes":"[ 4 11]","num_routes":2},"geometry":{"type":"Point","coordinates":[-122.751949084326853,45.59560963201659]}},
{"type":"Feature","properties":{"stop_id":5374,"routes":"[ 4 11]","num_routes":2},"geometry":{"type":"Point","coordinates":[-122.751532831639253,45.596000019883263]}},
{"type":"Feature","properties":{"stop_id":5375,"routes":"[ 4 11]","num_routes":2},"geometry":{"type":"Point","coordinates":[-122.753505855614009,45.595028235414084]}},
{"type":"Feature","properties":{"stop_id":5376,"routes":"[ 4 11]","num_routes":2},"geometry":{"type":"Point","coordinates":[-122.753553997510295,45.594845947379049]}},
{"type":"Feature","properties":{"stop_id":5385,"routes":"[23 73]","num_routes":2},"geometry":{"type":"Point","coordinates":[-122.538888832152352,45.542979242008684]}},
{"type":"Feature","properties":{"stop_id":5425,"routes":"[20 73]","num_routes":2},"geometry":{"type":"Point","coordinates":[-122.537227618898243,45.51892322056495]}},
{"type":"Feature","properties":{"stop_id":5426,"routes":"[20 73]","num_routes":2},"geometry":{"type":"Point","coordinates":[-122.537564948641219,45.519124127777005]}},
{"type":"Feature","properties":{"stop_id":5443,"routes":"[20 86]","num_routes":2},"geometry":{"type":"Point","coordinates":[-122.510468840124545,45.519246626563557]}},
{"type":"Feature","properties":{"stop_id":5444,"routes":"[20 86]","num_routes":2},"geometry":{"type":"Point","coordinates":[-122.510392311709325,45.519056361548692]}},
{"type":"Feature","properties":{"stop_id":5454,"routes":"[20 74]","num_routes":2},"geometry":{"type":"Point","coordinates":[-122.496046552780939,45.519053979984356]}},
{"type":"Feature","properties":{"stop_id":5455,"routes":"[20 74]","num_routes":2},"geometry":{"type":"Point","coordinates":[-122.496240892298161,45.519247385283279]}},
{"type":"Feature","properties":{"stop_id":5467,"routes":"[20 87]","num_routes":2},"geometry":{"type":"Point","coordinates":[-122.476450466794418,45.51905530725201]}},
{"type":"Feature","properties":{"stop_id":5491,"routes":"[20 21]","num_routes":2},"geometry":{"type":"Point","coordinates":[-122.43318204728088,45.518968694014987]}},
{"type":"Feature","properties":{"stop_id":5492,"routes":"[20 21]","num_routes":2},"geometry":{"type":"Point","coordinates":[-122.434759280973822,45.519191657319922]}},
{"type":"Feature","properties":{"stop_id":5499,"routes":"[15 72]","num_routes":2},"geometry":{"type":"Point","coordinates":[-122.579626474879561,45.519206760962952]}},
{"type":"Feature","properties":{"stop_id":5509,"routes":"[ 35 153]","num_routes":2},"geometry":{"type":"Point","coordinates":[-122.663047999696744,45.418051753157243]}},
{"type":"Feature","properties":{"stop_id":5510,"routes":"[ 35 153]","num_routes":2},"geometry":{"type":"Point","coordinates":[-122.663437006840795,45.417555861708017]}},
{"type":"Feature","properties":{"stop_id":5511,"routes":"[ 35 153]","num_routes":2},"geometry":{"type":"Point","coordinates":[-122.664424684599879,45.413174509163355]}},
{"type":"Feature","properties":{"stop_id":5512,"routes":"[ 35 153]","num_routes":2},"geometry":{"type":"Point","coordinates":[-122.663657758359278,45.415486600804911]}},
{"type":"Feature","properties":{"stop_id":5513,"routes":"[ 35 153]","num_routes":2},"geometry":{"type":"Point","coordinates":[-122.663826980628386,45.415764499866214]}},
{"type":"Feature","properties":{"stop_id":5514,"routes":"[ 35 153]","num_routes":2},"geometry":{"type":"Point","coordinates":[-122.664206312063854,45.412939771160566]}},
{"type":"Feature","properties":{"stop_id":5524,"routes":"[10 75]","num_routes":2},"geometry":{"type":"Point","coordinates":[-122.622300820997282,45.484663746185142]}},
{"type":"Feature","properties":{"stop_id":5525,"routes":"[10 75]","num_routes":2},"geometry":{"type":"Point","coordinates":[-122.622480603151345,45.484790807833214]}},
{"type":"Feature","properties":{"stop_id":5535,"routes":"[10 71]","num_routes":2},"geometry":{"type":"Point","coordinates":[-122.609118960952216,45.484756392632065]}},
{"type":"Feature","properties":{"stop_id":5552,"routes":"[51 55]","num_routes":2},"geometry":{"type":"Point","coordinates":[-122.694190711895743,45.4796188687342]}},
{"type":"Feature","properties":{"stop_id":5553,"routes":"[51 55]","num_routes":2},"geometry":{"type":"Point","coordinates":[-122.697783461593886,45.484604737606489]}},
{"type":"Feature","properties":{"stop_id":5554,"routes":"[51 55]","num_routes":2},"geometry":{"type":"Point","coordinates":[-122.698098541732548,45.484807312859942]}},
{"type":"Feature","properties":{"stop_id":5556,"routes":"[51 55]","num_routes":2},"geometry":{"type":"Point","coordinates":[-122.710248302308884,45.488798358739679]}},
{"type":"Feature","properties":{"stop_id":5557,"routes":"[51 55]","num_routes":2},"geometry":{"type":"Point","coordinates":[-122.709815016074103,45.488674247886955]}},
{"type":"Feature","properties":{"stop_id":5558,"routes":"[51 55]","num_routes":2},"geometry":{"type":"Point","coordinates":[-122.706385268716801,45.488638157435155]}},
{"type":"Feature","properties":{"stop_id":5562,"routes":"[51 55]","num_routes":2},"geometry":{"type":"Point","coordinates":[-122.699375295899287,45.485911857168297]}},
{"type":"Feature","properties":{"stop_id":5563,"routes":"[51 55]","num_routes":2},"geometry":{"type":"Point","coordinates":[-122.699381261506531,45.48575875173546]}},
{"type":"Feature","properties":{"stop_id":5564,"routes":"[51 55]","num_routes":2},"geometry":{"type":"Point","coordinates":[-122.700764169355466,45.486780638580129]}},
{"type":"Feature","properties":{"stop_id":5565,"routes":"[51 55]","num_routes":2},"geometry":{"type":"Point","coordinates":[-122.701174016590087,45.4869269300006]}},
{"type":"Feature","properties":{"stop_id":5566,"routes":"[51 55]","num_routes":2},"geometry":{"type":"Point","coordinates":[-122.69632038971541,45.481658018534709]}},
{"type":"Feature","properties":{"stop_id":5567,"routes":"[51 55]","num_routes":2},"geometry":{"type":"Point","coordinates":[-122.696447515276702,45.481940759881823]}},
{"type":"Feature","properties":{"stop_id":5568,"routes":"[51 55]","num_routes":2},"geometry":{"type":"Point","coordinates":[-122.702836712246949,45.488445112511336]}},
{"type":"Feature","properties":{"stop_id":5569,"routes":"[51 55]","num_routes":2},"geometry":{"type":"Point","coordinates":[-122.702585636592033,45.488170355340245]}},
{"type":"Feature","properties":{"stop_id":5570,"routes":"[51 55]","num_routes":2},"geometry":{"type":"Point","coordinates":[-122.703572243729596,45.488635240347399]}},
{"type":"Feature","properties":{"stop_id":5571,"routes":"[51 55]","num_routes":2},"geometry":{"type":"Point","coordinates":[-122.703725048533784,45.488783845536787]}},
{"type":"Feature","properties":{"stop_id":5572,"routes":"[51 55]","num_routes":2},"geometry":{"type":"Point","coordinates":[-122.705281634546807,45.488750931514495]}},
{"type":"Feature","properties":{"stop_id":5573,"routes":"[51 55]","num_routes":2},"geometry":{"type":"Point","coordinates":[-122.705078563447231,45.488708309367389]}},
{"type":"Feature","properties":{"stop_id":5574,"routes":"[51 55]","num_routes":2},"geometry":{"type":"Point","coordinates":[-122.706367983901373,45.488759428531033]}},
{"type":"Feature","properties":{"stop_id":5575,"routes":"[51 55]","num_routes":2},"geometry":{"type":"Point","coordinates":[-122.70830071057074,45.488766659814978]}},
{"type":"Feature","properties":{"stop_id":5576,"routes":"[51 55]","num_routes":2},"geometry":{"type":"Point","coordinates":[-122.708419341467206,45.488667563984237]}},
{"type":"Feature","properties":{"stop_id":5600,"routes":"[57 62]","num_routes":2},"geometry":{"type":"Point","coordinates":[-122.826445296518258,45.489484559427808]}},
{"type":"Feature","properties":{"stop_id":5628,"routes":"[52 57]","num_routes":2},"geometry":{"type":"Point","coordinates":[-122.866726173007038,45.493934018329668]}},
{"type":"Feature","properties":{"stop_id":5629,"routes":"[52 57]","num_routes":2},"geometry":{"type":"Point","coordinates":[-122.867701890594304,45.494215166670543]}},
{"type":"Feature","properties":{"stop_id":5635,"routes":"[57 88]","num_routes":2},"geometry":{"type":"Point","coordinates":[-122.881784524218759,45.495524247895318]}},
{"type":"Feature","properties":{"stop_id":5668,"routes":"[40 70]","num_routes":2},"geometry":{"type":"Point","coordinates":[-122.646643804736598,45.464255721699757]}},
{"type":"Feature","properties":{"stop_id":5669,"routes":"[40 70]","num_routes":2},"geometry":{"type":"Point","coordinates":[-122.647464709503538,45.464390482799942]}},
{"type":"Feature","properties":{"stop_id":5697,"routes":"[43 44]","num_routes":2},"geometry":{"type":"Point","coordinates":[-122.720229441115748,45.454714807451332]}},
{"type":"Feature","properties":{"stop_id":5706,"routes":"[35 38 39 43]","num_routes":4},"geometry":{"type":"Point","coordinates":[-122.68517141864676,45.462974430271331]}},
{"type":"Feature","properties":{"stop_id":5707,"routes":"[39 43]","num_routes":2},"geometry":{"type":"Point","coordinates":[-122.688775220473147,45.463321085653192]}},
{"type":"Feature","properties":{"stop_id":5708,"routes":"[39 43]","num_routes":2},"geometry":{"type":"Point","coordinates":[-122.688432538299651,45.463523633200367]}},
{"type":"Feature","properties":{"stop_id":5709,"routes":"[39 43]","num_routes":2},"geometry":{"type":"Point","coordinates":[-122.689818243018436,45.463104292232956]}},
{"type":"Feature","properties":{"stop_id":5749,"routes":"[35 38 39 43]","num_routes":4},"geometry":{"type":"Point","coordinates":[-122.685375840095389,45.463074417306075]}},
{"type":"Feature","properties":{"stop_id":5779,"routes":"[35 38 39]","num_routes":3},"geometry":{"type":"Point","coordinates":[-122.682742570480656,45.453908154892297]}},
{"type":"Feature","properties":{"stop_id":5780,"routes":"[35 38 39]","num_routes":3},"geometry":{"type":"Point","coordinates":[-122.685035778369141,45.457224073190723]}},
{"type":"Feature","properties":{"stop_id":5781,"routes":"[35 38 39]","num_routes":3},"geometry":{"type":"Point","coordinates":[-122.684880127746908,45.457396559695816]}},
{"type":"Feature","properties":{"stop_id":5782,"routes":"[43 56]","num_routes":2},"geometry":{"type":"Point","coordinates":[-122.681484644172585,45.492620570171596]}},
{"type":"Feature","properties":{"stop_id":5783,"routes":"[43 56]","num_routes":2},"geometry":{"type":"Point","coordinates":[-122.685101182733803,45.49193244459029]}},
{"type":"Feature","properties":{"stop_id":5785,"routes":"[39 51]","num_routes":2},"geometry":{"type":"Point","coordinates":[-122.684452338229363,45.477187709621091]}},
{"type":"Feature","properties":{"stop_id":5786,"routes":"[39 51]","num_routes":2},"geometry":{"type":"Point","coordinates":[-122.685361574633134,45.472084793026909]}},
{"type":"Feature","properties":{"stop_id":5787,"routes":"[39 51]","num_routes":2},"geometry":{"type":"Point","coordinates":[-122.685595091343913,45.472190508476153]}},
{"type":"Feature","properties":{"stop_id":5788,"routes":"[39 43 44 45 51 54 55 56]","num_routes":8},"geometry":{"type":"Point","coordinates":[-122.687025086547521,45.480022580236984]}},
{"type":"Feature","properties":{"stop_id":5789,"routes":"[39 43 44 45 51 54 55 56]","num_routes":8},"geometry":{"type":"Point","coordinates":[-122.687079839732974,45.480397760745213]}},
{"type":"Feature","properties":{"stop_id":5790,"routes":"[38 43]","num_routes":2},"geometry":{"type":"Point","coordinates":[-122.683583360276842,45.464061483602464]}},
{"type":"Feature","properties":{"stop_id":5791,"routes":"[39 51]","num_routes":2},"geometry":{"type":"Point","coordinates":[-122.683991930258443,45.474189436748112]}},
{"type":"Feature","properties":{"stop_id":5792,"routes":"[39 51]","num_routes":2},"geometry":{"type":"Point","coordinates":[-122.684282202146633,45.474039774859961]}},
{"type":"Feature","properties":{"stop_id":5794,"routes":"[35 38 39]","num_routes":3},"geometry":{"type":"Point","coordinates":[-122.683829757994118,45.454490833831912]}},
{"type":"Feature","properties":{"stop_id":5795,"routes":"[43 56]","num_routes":2},"geometry":{"type":"Point","coordinates":[-122.683927740740742,45.49147191323015]}},
{"type":"Feature","properties":{"stop_id":5796,"routes":"[43 56]","num_routes":2},"geometry":{"type":"Point","coordinates":[-122.681258827920402,45.49341567261073]}},
{"type":"Feature","properties":{"stop_id":5798,"routes":"[35 38 39]","num_routes":3},"geometry":{"type":"Point","coordinates":[-122.684862855813307,45.461065192209922]}},
{"type":"Feature","properties":{"stop_id":5799,"routes":"[35 38 39]","num_routes":3},"geometry":{"type":"Point","coordinates":[-122.685045817315384,45.46129103622156]}},
{"type":"Feature","properties":{"stop_id":5800,"routes":"[39 51]","num_routes":2},"geometry":{"type":"Point","coordinates":[-122.684279688116575,45.477454508695011]}},
{"type":"Feature","properties":{"stop_id":5801,"routes":"[35 38 39]","num_routes":3},"geometry":{"type":"Point","coordinates":[-122.684875214953408,45.459432973461908]}},
{"type":"Feature","properties":{"stop_id":5802,"routes":"[35 38 39]","num_routes":3},"geometry":{"type":"Point","coordinates":[-122.685050195823663,45.459276916377512]}},
{"type":"Feature","properties":{"stop_id":5803,"routes":"[43 56]","num_routes":2},"geometry":{"type":"Point","coordinates":[-122.683048996704613,45.48130198865848]}},
{"type":"Feature","properties":{"stop_id":5806,"routes":"[35 38 39 43]","num_routes":4},"geometry":{"type":"Point","coordinates":[-122.684849310002249,45.462816742475688]}},
{"type":"Feature","properties":{"stop_id":5807,"routes":"[35 38 39 43]","num_routes":4},"geometry":{"type":"Point","coordinates":[-122.685088369399693,45.462731143898246]}},
{"type":"Feature","properties":{"stop_id":5808,"routes":"[38 43]","num_routes":2},"geometry":{"type":"Point","coordinates":[-122.684668508312058,45.46728843577678]}},
{"type":"Feature","properties":{"stop_id":5809,"routes":"[38 43]","num_routes":2},"geometry":{"type":"Point","coordinates":[-122.684785112257586,45.467542936163468]}},
{"type":"Feature","properties":{"stop_id":5811,"routes":"[43 56]","num_routes":2},"geometry":{"type":"Point","coordinates":[-122.683443750918684,45.483041846216835]}},
{"type":"Feature","properties":{"stop_id":5812,"routes":"[43 56]","num_routes":2},"geometry":{"type":"Point","coordinates":[-122.683588088287479,45.482982468373976]}},
{"type":"Feature","properties":{"stop_id":5813,"routes":"[35 38 39]","num_routes":3},"geometry":{"type":"Point","coordinates":[-122.682550715373324,45.454046178859102]}},
{"type":"Feature","properties":{"stop_id":5814,"routes":"[35 38 39]","num_routes":3},"geometry":{"type":"Point","coordinates":[-122.684674091599831,45.456161854554935]}},
{"type":"Feature","properties":{"stop_id":5816,"routes":"[38 43]","num_routes":2},"geometry":{"type":"Point","coordinates":[-122.68385787441899,45.464064752387571]}},
{"type":"Feature","properties":{"stop_id":5846,"routes":"[ 12  43  45  76  78  94 203]","num_routes":7},"geometry":{"type":"Point","coordinates":[-122.769165617238883,45.429967733892937]}},
{"type":"Feature","properties":{"stop_id":5878,"routes":"[44 45]","num_routes":2},"geometry":{"type":"Point","coordinates":[-122.71344833813275,45.468295570282869]}},
{"type":"Feature","properties":{"stop_id":5889,"routes":"[ 6 72]","num_routes":2},"geometry":{"type":"Point","coordinates":[-122.661632935432223,45.558811657406245]}},
{"type":"Feature","properties":{"stop_id":5890,"routes":"[ 6 72]","num_routes":2},"geometry":{"type":"Point","coordinates":[-122.66137297098885,45.559580397252354]}},
{"type":"Feature","properties":{"stop_id":5899,"routes":"[ 6  8 75]","num_routes":3},"geometry":{"type":"Point","coordinates":[-122.661259260545847,45.573002431189423]}},
{"type":"Feature","properties":{"stop_id":5900,"routes":"[ 6  8 75]","num_routes":3},"geometry":{"type":"Point","coordinates":[-122.661499294923985,45.573620924484203]}},
{"type":"Feature","properties":{"stop_id":5901,"routes":"[  6  12  19  20 194]","num_routes":5},"geometry":{"type":"Point","coordinates":[-122.661855792835752,45.52337342509918]}},
{"type":"Feature","properties":{"stop_id":5903,"routes":"[ 6  8 75]","num_routes":3},"geometry":{"type":"Point","coordinates":[-122.661261761493876,45.571631159963367]}},
{"type":"Feature","properties":{"stop_id":5904,"routes":"[ 6  8 75]","num_routes":3},"geometry":{"type":"Point","coordinates":[-122.661499002851869,45.57195561136821]}},
{"type":"Feature","properties":{"stop_id":5910,"routes":"[ 6 24]","num_routes":2},"geometry":{"type":"Point","coordinates":[-122.661465836218099,45.548167347825036]}},
{"type":"Feature","properties":{"stop_id":5911,"routes":"[ 6 24]","num_routes":2},"geometry":{"type":"Point","coordinates":[-122.661711224849995,45.548442901473145]}},
{"type":"Feature","properties":{"stop_id":5912,"routes":"[  6 194 195]","num_routes":3},"geometry":{"type":"Point","coordinates":[-122.661820585370194,45.527382209935304]}},
{"type":"Feature","properties":{"stop_id":5917,"routes":"[  6  90 100 200]","num_routes":4},"geometry":{"type":"Point","coordinates":[-122.66181229183708,45.530189691076608]}},
{"type":"Feature","properties":{"stop_id":5918,"routes":"[ 6  8 75]","num_routes":3},"geometry":{"type":"Point","coordinates":[-122.661241062287758,45.575706339454953]}},
{"type":"Feature","properties":{"stop_id":5919,"routes":"[ 6  8 75]","num_routes":3},"geometry":{"type":"Point","coordinates":[-122.661483584903465,45.57596036036059]}},
{"type":"Feature","properties":{"stop_id":5927,"routes":"[ 6 72]","num_routes":2},"geometry":{"type":"Point","coordinates":[-122.661585599618633,45.562351317170275]}},
{"type":"Feature","properties":{"stop_id":5929,"routes":"[ 6 72]","num_routes":2},"geometry":{"type":"Point","coordinates":[-122.661325679181701,45.562642291625579]}},
{"type":"Feature","properties":{"stop_id":5932,"routes":"[ 6  8 75]","num_routes":3},"geometry":{"type":"Point","coordinates":[-122.661239847839838,45.576939925300486]}},
{"type":"Feature","properties":{"stop_id":5937,"routes":"[ 6  8 75]","num_routes":3},"geometry":{"type":"Point","coordinates":[-122.661247344991608,45.574296117800223]}},
{"type":"Feature","properties":{"stop_id":5950,"routes":"[ 6  8 75]","num_routes":3},"geometry":{"type":"Point","coordinates":[-122.661459249475129,45.577703771858431]}},
{"type":"Feature","properties":{"stop_id":5960,"routes":"[ 6 17]","num_routes":2},"geometry":{"type":"Point","coordinates":[-122.661791065804621,45.533989538297561]}},
{"type":"Feature","properties":{"stop_id":5975,"routes":"[ 8 43 56]","num_routes":3},"geometry":{"type":"Point","coordinates":[-122.68328510093481,45.497063852800032]}},
{"type":"Feature","properties":{"stop_id":5984,"routes":"[ 4 24 44]","num_routes":3},"geometry":{"type":"Point","coordinates":[-122.668056224129714,45.545980700031201]}},
{"type":"Feature","properties":{"stop_id":5996,"routes":"[44 72]","num_routes":2},"geometry":{"type":"Point","coordinates":[-122.66880907987742,45.56250286416104]}},
{"type":"Feature","properties":{"stop_id":5997,"routes":"[ 4 44]","num_routes":2},"geometry":{"type":"Point","coordinates":[-122.668263430718653,45.542037265326208]}},
{"type":"Feature","properties":{"stop_id":6000,"routes":"[ 4 24 44]","num_routes":3},"geometry":{"type":"Point","coordinates":[-122.668066730356614,45.547642902398103]}},
{"type":"Feature","properties":{"stop_id":6001,"routes":"[ 4 44]","num_routes":2},"geometry":{"type":"Point","coordinates":[-122.667805232382747,45.539671904889225]}},
{"type":"Feature","properties":{"stop_id":6003,"routes":"[ 4 44]","num_routes":2},"geometry":{"type":"Point","coordinates":[-122.66787770868828,45.540719905270947]}},
{"type":"Feature","properties":{"stop_id":6006,"routes":"[ 4 44]","num_routes":2},"geometry":{"type":"Point","coordinates":[-122.668209599410005,45.543863884308024]}},
{"type":"Feature","properties":{"stop_id":6008,"routes":"[ 4 44]","num_routes":2},"geometry":{"type":"Point","coordinates":[-122.667805994287932,45.53812631378139]}},
{"type":"Feature","properties":{"stop_id":6009,"routes":"[ 4 17 44]","num_routes":3},"geometry":{"type":"Point","coordinates":[-122.667855617716967,45.534505148175043]}},
{"type":"Feature","properties":{"stop_id":6013,"routes":"[15 77]","num_routes":2},"geometry":{"type":"Point","coordinates":[-122.700996696952345,45.536792290680069]}},
{"type":"Feature","properties":{"stop_id":6014,"routes":"[15 77]","num_routes":2},"geometry":{"type":"Point","coordinates":[-122.700763621313001,45.53696194460435]}},
{"type":"Feature","properties":{"stop_id":6022,"routes":"[ 1 39 43]","num_routes":3},"geometry":{"type":"Point","coordinates":[-122.696898664297848,45.475961886999528]}},
{"type":"Feature","properties":{"stop_id":6023,"routes":"[ 1 44 45]","num_routes":3},"geometry":{"type":"Point","coordinates":[-122.705957950441203,45.476002268077764]}},
{"type":"Feature","properties":{"stop_id":6031,"routes":"[ 1 44 45]","num_routes":3},"geometry":{"type":"Point","coordinates":[-122.701744263336877,45.475979213586193]}},
{"type":"Feature","properties":{"stop_id":6034,"routes":"[ 1 44 45]","num_routes":3},"geometry":{"type":"Point","coordinates":[-122.701577934669587,45.476114703557506]}},
{"type":"Feature","properties":{"stop_id":6035,"routes":"[ 1 45]","num_routes":2},"geometry":{"type":"Point","coordinates":[-122.707523373837688,45.476164058362862]}},
{"type":"Feature","properties":{"stop_id":6036,"routes":"[ 1 45]","num_routes":2},"geometry":{"type":"Point","coordinates":[-122.707896598192264,45.476024512425361]}},
{"type":"Feature","properties":{"stop_id":6037,"routes":"[ 1 45]","num_routes":2},"geometry":{"type":"Point","coordinates":[-122.709620738720545,45.476161466354988]}},
{"type":"Feature","properties":{"stop_id":6083,"routes":"[51 63]","num_routes":2},"geometry":{"type":"Point","coordinates":[-122.698147548327114,45.520403819255733]}},
{"type":"Feature","properties":{"stop_id":6090,"routes":"[51 63]","num_routes":2},"geometry":{"type":"Point","coordinates":[-122.698301897182233,45.521069847338786]}},
{"type":"Feature","properties":{"stop_id":6125,"routes":"[56 76 78]","num_routes":3},"geometry":{"type":"Point","coordinates":[-122.780510232250549,45.455121852848436]}},
{"type":"Feature","properties":{"stop_id":6126,"routes":"[45 62]","num_routes":2},"geometry":{"type":"Point","coordinates":[-122.782820262363671,45.454410759937645]}},
{"type":"Feature","properties":{"stop_id":6133,"routes":"[45 62]","num_routes":2},"geometry":{"type":"Point","coordinates":[-122.783068080729493,45.453961011423935]}},
{"type":"Feature","properties":{"stop_id":6140,"routes":"[ 29 152]","num_routes":2},"geometry":{"type":"Point","coordinates":[-122.630491630412308,45.443125144998035]}},
{"type":"Feature","properties":{"stop_id":6151,"routes":"[ 29  32  33  34 291]","num_routes":5},"geometry":{"type":"Point","coordinates":[-122.638938422801573,45.44277817878551]}},
{"type":"Feature","properties":{"stop_id":6160,"routes":"[  2   4   9  15  17  19  35  40  44  54 287 288 292]","num_routes":13},"geometry":{"type":"Point","coordinates":[-122.6766004559246,45.52013107198789]}},
{"type":"Feature","properties":{"stop_id":6166,"routes":"[15 72]","num_routes":2},"geometry":{"type":"Point","coordinates":[-122.578177213669392,45.51833141603565]}},
{"type":"Feature","properties":{"stop_id":6169,"routes":"[15 63]","num_routes":2},"geometry":{"type":"Point","coordinates":[-122.680200091715392,45.521104382560473]}},
{"type":"Feature","properties":{"stop_id":6175,"routes":"[56 76 78]","num_routes":3},"geometry":{"type":"Point","coordinates":[-122.780336568688043,45.454791837002844]}},
{"type":"Feature","properties":{"stop_id":6187,"routes":"[29 31]","num_routes":2},"geometry":{"type":"Point","coordinates":[-122.589989625718118,45.409840375600623]}},
{"type":"Feature","properties":{"stop_id":6191,"routes":"[29 31]","num_routes":2},"geometry":{"type":"Point","coordinates":[-122.590417258195089,45.411145764524875]}},
{"type":"Feature","properties":{"stop_id":6192,"routes":"[29 31]","num_routes":2},"geometry":{"type":"Point","coordinates":[-122.590357138035586,45.410325438509865]}},
{"type":"Feature","properties":{"stop_id":6193,"routes":"[29 31]","num_routes":2},"geometry":{"type":"Point","coordinates":[-122.593292557478989,45.423291910646725]}},
{"type":"Feature","properties":{"stop_id":6195,"routes":"[29 31]","num_routes":2},"geometry":{"type":"Point","coordinates":[-122.590994591356761,45.412918573622342]}},
{"type":"Feature","properties":{"stop_id":6199,"routes":"[29 31]","num_routes":2},"geometry":{"type":"Point","coordinates":[-122.593011798770462,45.423373351806219]}},
{"type":"Feature","properties":{"stop_id":6203,"routes":"[29 31]","num_routes":2},"geometry":{"type":"Point","coordinates":[-122.588703736267973,45.40699873755149]}},
{"type":"Feature","properties":{"stop_id":6205,"routes":"[29 31]","num_routes":2},"geometry":{"type":"Point","coordinates":[-122.591095265746574,45.412613058785944]}},
{"type":"Feature","properties":{"stop_id":6206,"routes":"[31 32]","num_routes":2},"geometry":{"type":"Point","coordinates":[-122.585521204078233,45.38830911306718]}},
{"type":"Feature","properties":{"stop_id":6211,"routes":"[29 31]","num_routes":2},"geometry":{"type":"Point","coordinates":[-122.592624817249458,45.415535077074786]}},
{"type":"Feature","properties":{"stop_id":6212,"routes":"[29 31]","num_routes":2},"geometry":{"type":"Point","coordinates":[-122.592550384572505,45.415179904319331]}},
{"type":"Feature","properties":{"stop_id":6216,"routes":"[17 77]","num_routes":2},"geometry":{"type":"Point","coordinates":[-122.653699946536918,45.534281114026975]}},
{"type":"Feature","properties":{"stop_id":6218,"routes":"[  6  17 194 195]","num_routes":4},"geometry":{"type":"Point","coordinates":[-122.661146085275618,45.534283012116937]}},
{"type":"Feature","properties":{"stop_id":6220,"routes":"[ 4 17 44]","num_routes":3},"geometry":{"type":"Point","coordinates":[-122.66691249520423,45.534321574410562]}},
{"type":"Feature","properties":{"stop_id":6223,"routes":"[23 77]","num_routes":2},"geometry":{"type":"Point","coordinates":[-122.553298357205165,45.534211070887586]}},
{"type":"Feature","properties":{"stop_id":6225,"routes":"[23 77]","num_routes":2},"geometry":{"type":"Point","coordinates":[-122.549479360337955,45.534182573111266]}},
{"type":"Feature","properties":{"stop_id":6232,"routes":"[ 17 194 195]","num_routes":3},"geometry":{"type":"Point","coordinates":[-122.663844891538801,45.534276348529957]}},
{"type":"Feature","properties":{"stop_id":6235,"routes":"[17 70 77]","num_routes":3},"geometry":{"type":"Point","coordinates":[-122.644989952955697,45.534257610505392]}},
{"type":"Feature","properties":{"stop_id":6284,"routes":"[35 44]","num_routes":2},"geometry":{"type":"Point","coordinates":[-122.729172176851293,45.576244807247143]}},
{"type":"Feature","properties":{"stop_id":6285,"routes":"[35 44]","num_routes":2},"geometry":{"type":"Point","coordinates":[-122.72832551726124,45.575789266642097]}},
{"type":"Feature","properties":{"stop_id":6354,"routes":"[ 4 44]","num_routes":2},"geometry":{"type":"Point","coordinates":[-122.666600937513351,45.541363236594187]}},
{"type":"Feature","properties":{"stop_id":6357,"routes":"[ 4 17 44]","num_routes":3},"geometry":{"type":"Point","coordinates":[-122.666651948317096,45.535814086780967]}},
{"type":"Feature","properties":{"stop_id":6359,"routes":"[ 4 24 44]","num_routes":3},"geometry":{"type":"Point","coordinates":[-122.666611516533749,45.546977341144412]}},
{"type":"Feature","properties":{"stop_id":6362,"routes":"[ 4 44]","num_routes":2},"geometry":{"type":"Point","coordinates":[-122.666585140701471,45.542738277479323]}},
{"type":"Feature","properties":{"stop_id":6364,"routes":"[ 4 44]","num_routes":2},"geometry":{"type":"Point","coordinates":[-122.666556370894583,45.544444290274001]}},
{"type":"Feature","properties":{"stop_id":6370,"routes":"[ 4 44]","num_routes":2},"geometry":{"type":"Point","coordinates":[-122.666628336193085,45.538338714287818]}},
{"type":"Feature","properties":{"stop_id":6373,"routes":"[ 4 35]","num_routes":2},"geometry":{"type":"Point","coordinates":[-122.700248240871815,45.584080693899018]}},
{"type":"Feature","properties":{"stop_id":6374,"routes":"[ 4 35]","num_routes":2},"geometry":{"type":"Point","coordinates":[-122.708099444073483,45.583965185975103]}},
{"type":"Feature","properties":{"stop_id":6377,"routes":"[ 4 35]","num_routes":2},"geometry":{"type":"Point","coordinates":[-122.700072706681198,45.583937761497815]}},
{"type":"Feature","properties":{"stop_id":6383,"routes":"[ 4 35]","num_routes":2},"geometry":{"type":"Point","coordinates":[-122.697389582025409,45.583943824579755]}},
{"type":"Feature","properties":{"stop_id":6384,"routes":"[ 4 35]","num_routes":2},"geometry":{"type":"Point","coordinates":[-122.697657080083005,45.584066915606059]}},
{"type":"Feature","properties":{"stop_id":6387,"routes":"[ 4 35]","num_routes":2},"geometry":{"type":"Point","coordinates":[-122.705612007468531,45.584076782934098]}},
{"type":"Feature","properties":{"stop_id":6388,"routes":"[ 4 35]","num_routes":2},"geometry":{"type":"Point","coordinates":[-122.705480378240992,45.58394919771159]}},
{"type":"Feature","properties":{"stop_id":6398,"routes":"[10 14 73 86]","num_routes":4},"geometry":{"type":"Point","coordinates":[-122.566135722861418,45.478274226995083]}},
{"type":"Feature","properties":{"stop_id":6409,"routes":"[19 75]","num_routes":2},"geometry":{"type":"Point","coordinates":[-122.622469634639387,45.479267643827441]}},
{"type":"Feature","properties":{"stop_id":6411,"routes":"[19 75]","num_routes":2},"geometry":{"type":"Point","coordinates":[-122.620724060504088,45.479123612749746]}},
{"type":"Feature","properties":{"stop_id":6412,"routes":"[19 75]","num_routes":2},"geometry":{"type":"Point","coordinates":[-122.620379537565498,45.479265993611854]}},
{"type":"Feature","properties":{"stop_id":6413,"routes":"[19 75]","num_routes":2},"geometry":{"type":"Point","coordinates":[-122.618635557927462,45.479094612553567]}},
{"type":"Feature","properties":{"stop_id":6414,"routes":"[19 75]","num_routes":2},"geometry":{"type":"Point","coordinates":[-122.61834960956304,45.479250051305954]}},
{"type":"Feature","properties":{"stop_id":6415,"routes":"[19 75]","num_routes":2},"geometry":{"type":"Point","coordinates":[-122.6156727891467,45.479130325126732]}},
{"type":"Feature","properties":{"stop_id":6416,"routes":"[19 75]","num_routes":2},"geometry":{"type":"Point","coordinates":[-122.615299862081329,45.479232932320897]}},
{"type":"Feature","properties":{"stop_id":6421,"routes":"[19 71]","num_routes":2},"geometry":{"type":"Point","coordinates":[-122.609926548792416,45.479243975047893]}},
{"type":"Feature","properties":{"stop_id":6427,"routes":"[10 14 73 86]","num_routes":4},"geometry":{"type":"Point","coordinates":[-122.568804029862491,45.479072015160185]}},
{"type":"Feature","properties":{"stop_id":6472,"routes":"[35 38 40 45 54 55]","num_routes":6},"geometry":{"type":"Point","coordinates":[-122.678551202824295,45.506692624230311]}},
{"type":"Feature","properties":{"stop_id":6493,"routes":"[  6  38  45  55  58  96 193 194]","num_routes":8},"geometry":{"type":"Point","coordinates":[-122.684005768969939,45.516310346008886]}},
{"type":"Feature","properties":{"stop_id":6502,"routes":"[47 48]","num_routes":2},"geometry":{"type":"Point","coordinates":[-122.973774815677615,45.51986526964469]}},
{"type":"Feature","properties":{"stop_id":6505,"routes":"[22 87]","num_routes":2},"geometry":{"type":"Point","coordinates":[-122.55795917301559,45.550481879899195]}},
{"type":"Feature","properties":{"stop_id":6506,"routes":"[22 87]","num_routes":2},"geometry":{"type":"Point","coordinates":[-122.557685956240149,45.550218219123352]}},
{"type":"Feature","properties":{"stop_id":6507,"routes":"[22 87]","num_routes":2},"geometry":{"type":"Point","coordinates":[-122.558147705001304,45.53661331680248]}},
{"type":"Feature","properties":{"stop_id":6508,"routes":"[22 87]","num_routes":2},"geometry":{"type":"Point","coordinates":[-122.557823358126697,45.540164915663347]}},
{"type":"Feature","properties":{"stop_id":6509,"routes":"[22 87]","num_routes":2},"geometry":{"type":"Point","coordinates":[-122.558092328284843,45.539935202591948]}},
{"type":"Feature","properties":{"stop_id":6510,"routes":"[ 15  20 100 287]","num_routes":4},"geometry":{"type":"Point","coordinates":[-122.558146450813197,45.522442921944524]}},
{"type":"Feature","properties":{"stop_id":6511,"routes":"[ 15  20 100 287]","num_routes":4},"geometry":{"type":"Point","coordinates":[-122.558471217977782,45.522251365591941]}},
{"type":"Feature","properties":{"stop_id":6513,"routes":"[22 23 24 77 87]","num_routes":5},"geometry":{"type":"Point","coordinates":[-122.558217411422774,45.533127652201003]}},
{"type":"Feature","properties":{"stop_id":6514,"routes":"[22 87]","num_routes":2},"geometry":{"type":"Point","coordinates":[-122.557624643029712,45.548420746401909]}},
{"type":"Feature","properties":{"stop_id":6515,"routes":"[22 87]","num_routes":2},"geometry":{"type":"Point","coordinates":[-122.557917836720748,45.548257475334559]}},
{"type":"Feature","properties":{"stop_id":6516,"routes":"[15 25]","num_routes":2},"geometry":{"type":"Point","coordinates":[-122.558029606245753,45.526119471017651]}},
{"type":"Feature","properties":{"stop_id":6517,"routes":"[15 25]","num_routes":2},"geometry":{"type":"Point","coordinates":[-122.558322383663636,45.525807939242135]}},
{"type":"Feature","properties":{"stop_id":6520,"routes":"[22 87]","num_routes":2},"geometry":{"type":"Point","coordinates":[-122.558000234216465,45.543314641356723]}},
{"type":"Feature","properties":{"stop_id":6522,"routes":"[22 23 24 87]","num_routes":4},"geometry":{"type":"Point","coordinates":[-122.557954803744451,45.531617488167598]}},
{"type":"Feature","properties":{"stop_id":6523,"routes":"[22 23 24 87]","num_routes":4},"geometry":{"type":"Point","coordinates":[-122.55824213794908,45.531412647893283]}},
{"type":"Feature","properties":{"stop_id":6525,"routes":"[22 23 24 87]","num_routes":4},"geometry":{"type":"Point","coordinates":[-122.558257211699825,45.529685131130904]}},
{"type":"Feature","properties":{"stop_id":6526,"routes":"[15 20]","num_routes":2},"geometry":{"type":"Point","coordinates":[-122.558510602348576,45.520222861980308]}},
{"type":"Feature","properties":{"stop_id":6528,"routes":"[22 87]","num_routes":2},"geometry":{"type":"Point","coordinates":[-122.557683451507629,45.551544989909402]}},
{"type":"Feature","properties":{"stop_id":6530,"routes":"[22 87]","num_routes":2},"geometry":{"type":"Point","coordinates":[-122.557875009059543,45.537441655430356]}},
{"type":"Feature","properties":{"stop_id":6531,"routes":"[22 23 24 77 87]","num_routes":5},"geometry":{"type":"Point","coordinates":[-122.557920752661474,45.533942113861066]}},
{"type":"Feature","properties":{"stop_id":6542,"routes":"[15 70]","num_routes":2},"geometry":{"type":"Point","coordinates":[-122.654751845764736,45.516240187161053]}},
{"type":"Feature","properties":{"stop_id":6551,"routes":"[14 70]","num_routes":2},"geometry":{"type":"Point","coordinates":[-122.654779696819446,45.513050444596011]}},
{"type":"Feature","properties":{"stop_id":6565,"routes":"[23 77]","num_routes":2},"geometry":{"type":"Point","coordinates":[-122.548999197382628,45.53402689513603]}},
{"type":"Feature","properties":{"stop_id":6577,"routes":"[12 19 20 70]","num_routes":4},"geometry":{"type":"Point","coordinates":[-122.653737890107507,45.523374555970321]}},
{"type":"Feature","properties":{"stop_id":6585,"routes":"[14 70]","num_routes":2},"geometry":{"type":"Point","coordinates":[-122.653639527015201,45.513123697729164]}},
{"type":"Feature","properties":{"stop_id":6588,"routes":"[15 70]","num_routes":2},"geometry":{"type":"Point","coordinates":[-122.653594643819147,45.517064741529545]}},
{"type":"Feature","properties":{"stop_id":6592,"routes":"[12 19 20 70]","num_routes":4},"geometry":{"type":"Point","coordinates":[-122.653500689602069,45.52319744826071]}},
{"type":"Feature","properties":{"stop_id":6620,"routes":"[23 73]","num_routes":2},"geometry":{"type":"Point","coordinates":[-122.537405403459672,45.539824395984425]}},
{"type":"Feature","properties":{"stop_id":6621,"routes":"[ 73 100 287]","num_routes":3},"geometry":{"type":"Point","coordinates":[-122.537627944035947,45.522295446983215]}},
{"type":"Feature","properties":{"stop_id":6623,"routes":"[ 73 100 287]","num_routes":3},"geometry":{"type":"Point","coordinates":[-122.537961456670189,45.522071892865689]}},
{"type":"Feature","properties":{"stop_id":6626,"routes":"[10 73 86]","num_routes":3},"geometry":{"type":"Point","coordinates":[-122.53695695298272,45.477116498016073]}},
{"type":"Feature","properties":{"stop_id":6628,"routes":"[73 77]","num_routes":2},"geometry":{"type":"Point","coordinates":[-122.537484093428958,45.534294191108167]}},
{"type":"Feature","properties":{"stop_id":6630,"routes":"[ 2 73]","num_routes":2},"geometry":{"type":"Point","coordinates":[-122.537511391581944,45.504522967884114]}},
{"type":"Feature","properties":{"stop_id":6631,"routes":"[ 2 73]","num_routes":2},"geometry":{"type":"Point","coordinates":[-122.537825294820991,45.503337035175079]}},
{"type":"Feature","properties":{"stop_id":6633,"routes":"[10 73]","num_routes":2},"geometry":{"type":"Point","coordinates":[-122.53779975847867,45.483006120686206]}},
{"type":"Feature","properties":{"stop_id":6634,"routes":"[10 73]","num_routes":2},"geometry":{"type":"Point","coordinates":[-122.538119803825026,45.483384373939515]}},
{"type":"Feature","properties":{"stop_id":6635,"routes":"[17 73]","num_routes":2},"geometry":{"type":"Point","coordinates":[-122.537580868279122,45.489409638938852]}},
{"type":"Feature","properties":{"stop_id":6636,"routes":"[17 73]","num_routes":2},"geometry":{"type":"Point","coordinates":[-122.537894033464354,45.489237884366972]}},
{"type":"Feature","properties":{"stop_id":6652,"routes":"[20 73]","num_routes":2},"geometry":{"type":"Point","coordinates":[-122.537634539086511,45.519888036253782]}},
{"type":"Feature","properties":{"stop_id":6653,"routes":"[20 73]","num_routes":2},"geometry":{"type":"Point","coordinates":[-122.537937757325864,45.519976304824645]}},
{"type":"Feature","properties":{"stop_id":6654,"routes":"[22 73]","num_routes":2},"geometry":{"type":"Point","coordinates":[-122.537097761566088,45.551300679688417]}},
{"type":"Feature","properties":{"stop_id":6655,"routes":"[ 9 73]","num_routes":2},"geometry":{"type":"Point","coordinates":[-122.537511166147411,45.49740722189965]}},
{"type":"Feature","properties":{"stop_id":6660,"routes":"[17 73]","num_routes":2},"geometry":{"type":"Point","coordinates":[-122.537696523374024,45.486198586319126]}},
{"type":"Feature","properties":{"stop_id":6667,"routes":"[23 73]","num_routes":2},"geometry":{"type":"Point","coordinates":[-122.537715527267963,45.539599268174229]}},
{"type":"Feature","properties":{"stop_id":6670,"routes":"[23 73]","num_routes":2},"geometry":{"type":"Point","coordinates":[-122.53745310386536,45.536930046464526]}},
{"type":"Feature","properties":{"stop_id":6671,"routes":"[23 73]","num_routes":2},"geometry":{"type":"Point","coordinates":[-122.537742076677944,45.536995622741316]}},
{"type":"Feature","properties":{"stop_id":6672,"routes":"[22 73]","num_routes":2},"geometry":{"type":"Point","coordinates":[-122.5374260124469,45.55213943725343]}},
{"type":"Feature","properties":{"stop_id":6673,"routes":"[23 73]","num_routes":2},"geometry":{"type":"Point","coordinates":[-122.537359226665671,45.542656765090683]}},
{"type":"Feature","properties":{"stop_id":6674,"routes":"[23 73]","num_routes":2},"geometry":{"type":"Point","coordinates":[-122.537653891036456,45.542878716028348]}},
{"type":"Feature","properties":{"stop_id":6689,"routes":"[12 39]","num_routes":2},"geometry":{"type":"Point","coordinates":[-122.692034443427971,45.469611660052642]}},
{"type":"Feature","properties":{"stop_id":6723,"routes":"[10 86]","num_routes":2},"geometry":{"type":"Point","coordinates":[-122.523502949118125,45.478274871742776]}},
{"type":"Feature","properties":{"stop_id":6729,"routes":"[10 86]","num_routes":2},"geometry":{"type":"Point","coordinates":[-122.523495154870261,45.479864690988151]}},
{"type":"Feature","properties":{"stop_id":6730,"routes":"[10 86]","num_routes":2},"geometry":{"type":"Point","coordinates":[-122.523653640495709,45.48014501552543]}},
{"type":"Feature","properties":{"stop_id":6773,"routes":"[ 8 72]","num_routes":2},"geometry":{"type":"Point","coordinates":[-122.649661732587703,45.558991744019025]}},
{"type":"Feature","properties":{"stop_id":6774,"routes":"[ 8 72]","num_routes":2},"geometry":{"type":"Point","coordinates":[-122.649793397705281,45.559204624779518]}},
{"type":"Feature","properties":{"stop_id":6779,"routes":"[ 8 17 77]","num_routes":3},"geometry":{"type":"Point","coordinates":[-122.65060248076108,45.534462139566877]}},
{"type":"Feature","properties":{"stop_id":6780,"routes":"[ 8 75]","num_routes":2},"geometry":{"type":"Point","coordinates":[-122.649996385396221,45.571768513890007]}},
{"type":"Feature","properties":{"stop_id":6785,"routes":"[ 8 24]","num_routes":2},"geometry":{"type":"Point","coordinates":[-122.650336132501792,45.548142755796263]}},
{"type":"Feature","properties":{"stop_id":6786,"routes":"[ 8 24]","num_routes":2},"geometry":{"type":"Point","coordinates":[-122.650488686674635,45.548470351564056]}},
{"type":"Feature","properties":{"stop_id":6794,"routes":"[ 8 75]","num_routes":2},"geometry":{"type":"Point","coordinates":[-122.650132814495436,45.571280824580612]}},
{"type":"Feature","properties":{"stop_id":6818,"routes":"[ 8 70]","num_routes":2},"geometry":{"type":"Point","coordinates":[-122.649645979108541,45.531862922249601]}},
{"type":"Feature","properties":{"stop_id":6832,"routes":"[59 67]","num_routes":2},"geometry":{"type":"Point","coordinates":[-122.839467908459639,45.517506851925027]}},
{"type":"Feature","properties":{"stop_id":6833,"routes":"[59 67]","num_routes":2},"geometry":{"type":"Point","coordinates":[-122.839800565717383,45.516212264450274]}},
{"type":"Feature","properties":{"stop_id":6839,"routes":"[12 19 20]","num_routes":3},"geometry":{"type":"Point","coordinates":[-122.649477933019611,45.524225848928033]}},
{"type":"Feature","properties":{"stop_id":6842,"routes":"[ 8 70]","num_routes":2},"geometry":{"type":"Point","coordinates":[-122.649371683159544,45.532326676784962]}},
{"type":"Feature","properties":{"stop_id":6843,"routes":"[ 8 17 77]","num_routes":3},"geometry":{"type":"Point","coordinates":[-122.65039626235253,45.534812512948733]}},
{"type":"Feature","properties":{"stop_id":6876,"routes":"[ 17 290 291]","num_routes":3},"geometry":{"type":"Point","coordinates":[-122.648283194092059,45.491739590527708]}},
{"type":"Feature","properties":{"stop_id":6877,"routes":"[ 17 290 291]","num_routes":3},"geometry":{"type":"Point","coordinates":[-122.648686789697194,45.491557299399282]}},
{"type":"Feature","properties":{"stop_id":6896,"routes":"[40 70]","num_routes":2},"geometry":{"type":"Point","coordinates":[-122.647130030860779,45.464010250937037]}},
{"type":"Feature","properties":{"stop_id":6897,"routes":"[40 70]","num_routes":2},"geometry":{"type":"Point","coordinates":[-122.646977594415631,45.463472432809567]}},
{"type":"Feature","properties":{"stop_id":6911,"routes":"[ 15  18  24  26  63  90 100 287 288 292]","num_routes":10},"geometry":{"type":"Point","coordinates":[-122.690467194733216,45.521885359484216]}},
{"type":"Feature","properties":{"stop_id":6914,"routes":"[ 87 100 287]","num_routes":3},"geometry":{"type":"Point","coordinates":[-122.476974204790679,45.52244644036621]}},
{"type":"Feature","properties":{"stop_id":6919,"routes":"[25 87]","num_routes":2},"geometry":{"type":"Point","coordinates":[-122.47689394552323,45.526822742746866]}},
{"type":"Feature","properties":{"stop_id":6920,"routes":"[25 87]","num_routes":2},"geometry":{"type":"Point","coordinates":[-122.477244187688655,45.526019960875622]}},
{"type":"Feature","properties":{"stop_id":6921,"routes":"[20 87]","num_routes":2},"geometry":{"type":"Point","coordinates":[-122.47700173813503,45.519785939788207]}},
{"type":"Feature","properties":{"stop_id":6942,"routes":"[ 9 87]","num_routes":2},"geometry":{"type":"Point","coordinates":[-122.475411327452107,45.490761202129882]}},
{"type":"Feature","properties":{"stop_id":6961,"routes":"[48 52]","num_routes":2},"geometry":{"type":"Point","coordinates":[-122.867285072958921,45.534619114278314]}},
{"type":"Feature","properties":{"stop_id":6964,"routes":"[48 52]","num_routes":2},"geometry":{"type":"Point","coordinates":[-122.867703788304468,45.533670871351049]}},
{"type":"Feature","properties":{"stop_id":6970,"routes":"[52 88]","num_routes":2},"geometry":{"type":"Point","coordinates":[-122.867438898013873,45.475885376637933]}},
{"type":"Feature","properties":{"stop_id":6972,"routes":"[47 52 59]","num_routes":3},"geometry":{"type":"Point","coordinates":[-122.867277000679252,45.521068792389009]}},
{"type":"Feature","properties":{"stop_id":6975,"routes":"[47 52 59]","num_routes":3},"geometry":{"type":"Point","coordinates":[-122.867666965909464,45.520452231663768]}},
{"type":"Feature","properties":{"stop_id":6990,"routes":"[47 52 59]","num_routes":3},"geometry":{"type":"Point","coordinates":[-122.867313932334014,45.523616609015839]}},
{"type":"Feature","properties":{"stop_id":6991,"routes":"[47 52 59]","num_routes":3},"geometry":{"type":"Point","coordinates":[-122.86769577545509,45.522984154710677]}},
{"type":"Feature","properties":{"stop_id":7006,"routes":"[47 52 59]","num_routes":3},"geometry":{"type":"Point","coordinates":[-122.867645140212275,45.51810594038303]}},
{"type":"Feature","properties":{"stop_id":7007,"routes":"[47 52 59]","num_routes":3},"geometry":{"type":"Point","coordinates":[-122.86728046074029,45.518068716199195]}},
{"type":"Feature","properties":{"stop_id":7012,"routes":"[52 57]","num_routes":2},"geometry":{"type":"Point","coordinates":[-122.867066966938737,45.493960601513059]}},
{"type":"Feature","properties":{"stop_id":7013,"routes":"[52 57]","num_routes":2},"geometry":{"type":"Point","coordinates":[-122.867319260766891,45.493732177609132]}},
{"type":"Feature","properties":{"stop_id":7020,"routes":"[47 52 59]","num_routes":3},"geometry":{"type":"Point","coordinates":[-122.867324937065476,45.525154148926205]}},
{"type":"Feature","properties":{"stop_id":7021,"routes":"[47 52 59]","num_routes":3},"geometry":{"type":"Point","coordinates":[-122.867687533308185,45.525002140540863]}},
{"type":"Feature","properties":{"stop_id":7023,"routes":"[52 88]","num_routes":2},"geometry":{"type":"Point","coordinates":[-122.86766510616539,45.515237016570183]}},
{"type":"Feature","properties":{"stop_id":7024,"routes":"[47 52 59]","num_routes":3},"geometry":{"type":"Point","coordinates":[-122.867275913719652,45.528006399430687]}},
{"type":"Feature","properties":{"stop_id":7025,"routes":"[47 52 59]","num_routes":3},"geometry":{"type":"Point","coordinates":[-122.867647270375315,45.527374922507718]}},
{"type":"Feature","properties":{"stop_id":7036,"routes":"[12 39]","num_routes":2},"geometry":{"type":"Point","coordinates":[-122.697410605949983,45.465253356780565]}},
{"type":"Feature","properties":{"stop_id":7047,"routes":"[12 39]","num_routes":2},"geometry":{"type":"Point","coordinates":[-122.697248388964695,45.46559954927757]}},
{"type":"Feature","properties":{"stop_id":7049,"routes":"[39 43]","num_routes":2},"geometry":{"type":"Point","coordinates":[-122.697404811528187,45.46358010441493]}},
{"type":"Feature","properties":{"stop_id":7121,"routes":"[ 77 193]","num_routes":2},"geometry":{"type":"Point","coordinates":[-122.694642820394989,45.529975924002123]}},
{"type":"Feature","properties":{"stop_id":7122,"routes":"[ 77 193]","num_routes":2},"geometry":{"type":"Point","coordinates":[-122.694489718547871,45.530119960980393]}},
{"type":"Feature","properties":{"stop_id":7127,"routes":"[ 77 193]","num_routes":2},"geometry":{"type":"Point","coordinates":[-122.694674684863628,45.531392810089727]}},
{"type":"Feature","properties":{"stop_id":7128,"routes":"[ 77 193]","num_routes":2},"geometry":{"type":"Point","coordinates":[-122.694549580763379,45.531213766090779]}},
{"type":"Feature","properties":{"stop_id":7136,"routes":"[ 29  32  33  34 291]","num_routes":5},"geometry":{"type":"Point","coordinates":[-122.639925518636531,45.442718573252158]}},
{"type":"Feature","properties":{"stop_id":7138,"routes":"[17 70 77]","num_routes":3},"geometry":{"type":"Point","coordinates":[-122.644749427912643,45.534202303791524]}},
{"type":"Feature","properties":{"stop_id":7139,"routes":"[17 70 77]","num_routes":3},"geometry":{"type":"Point","coordinates":[-122.644928827618727,45.53453154741446]}},
{"type":"Feature","properties":{"stop_id":7152,"routes":"[20 21]","num_routes":2},"geometry":{"type":"Point","coordinates":[-122.433620847263086,45.519552796924984]}},
{"type":"Feature","properties":{"stop_id":7156,"routes":"[ 19 291]","num_routes":2},"geometry":{"type":"Point","coordinates":[-122.641649865827475,45.474319437258316]}},
{"type":"Feature","properties":{"stop_id":7169,"routes":"[15 24 26 77]","num_routes":4},"geometry":{"type":"Point","coordinates":[-122.698728319878441,45.535757590569169]}},
{"type":"Feature","properties":{"stop_id":7174,"routes":"[15 18 20]","num_routes":3},"geometry":{"type":"Point","coordinates":[-122.698480243463621,45.524144513001573]}},
{"type":"Feature","properties":{"stop_id":7188,"routes":"[17 70 77]","num_routes":3},"geometry":{"type":"Point","coordinates":[-122.641081307443514,45.53542054029225]}},
{"type":"Feature","properties":{"stop_id":7190,"routes":"[17 24]","num_routes":2},"geometry":{"type":"Point","coordinates":[-122.64105438898703,45.548416175590511]}},
{"type":"Feature","properties":{"stop_id":7191,"routes":"[17 24]","num_routes":2},"geometry":{"type":"Point","coordinates":[-122.641193485738881,45.548392674695634]}},
{"type":"Feature","properties":{"stop_id":7227,"routes":"[ 9 10]","num_routes":2},"geometry":{"type":"Point","coordinates":[-122.639547079742655,45.49863105617478]}},
{"type":"Feature","properties":{"stop_id":7228,"routes":"[ 9 10]","num_routes":2},"geometry":{"type":"Point","coordinates":[-122.639720597086082,45.498278227291244]}},
{"type":"Feature","properties":{"stop_id":7237,"routes":"[17 72]","num_routes":2},"geometry":{"type":"Point","coordinates":[-122.637976327094393,45.558838753083599]}},
{"type":"Feature","properties":{"stop_id":7238,"routes":"[17 72]","num_routes":2},"geometry":{"type":"Point","coordinates":[-122.637850048690609,45.558960903435207]}},
{"type":"Feature","properties":{"stop_id":7240,"routes":"[17 75]","num_routes":2},"geometry":{"type":"Point","coordinates":[-122.638058100922422,45.5717999416349]}},
{"type":"Feature","properties":{"stop_id":7281,"routes":"[10 17]","num_routes":2},"geometry":{"type":"Point","coordinates":[-122.637688540666687,45.489899554889462]}},
{"type":"Feature","properties":{"stop_id":7282,"routes":"[10 17]","num_routes":2},"geometry":{"type":"Point","coordinates":[-122.637536958193024,45.490084831660816]}},
{"type":"Feature","properties":{"stop_id":7369,"routes":"[70 75]","num_routes":2},"geometry":{"type":"Point","coordinates":[-122.630549830579881,45.571762086928416]}},
{"type":"Feature","properties":{"stop_id":7370,"routes":"[70 75]","num_routes":2},"geometry":{"type":"Point","coordinates":[-122.630747129070102,45.572114863431338]}},
{"type":"Feature","properties":{"stop_id":7373,"routes":"[24 70]","num_routes":2},"geometry":{"type":"Point","coordinates":[-122.630629588648688,45.54882455848324]}},
{"type":"Feature","properties":{"stop_id":7374,"routes":"[24 70]","num_routes":2},"geometry":{"type":"Point","coordinates":[-122.630794247129543,45.548387535802135]}},
{"type":"Feature","properties":{"stop_id":7382,"routes":"[70 72]","num_routes":2},"geometry":{"type":"Point","coordinates":[-122.630756278958501,45.563020903959043]}},
{"type":"Feature","properties":{"stop_id":7383,"routes":"[70 72]","num_routes":2},"geometry":{"type":"Point","coordinates":[-122.630596794369254,45.562605013227092]}},
{"type":"Feature","properties":{"stop_id":7392,"routes":"[70 77]","num_routes":2},"geometry":{"type":"Point","coordinates":[-122.63056772438577,45.535707649595679]}},
{"type":"Feature","properties":{"stop_id":7417,"routes":"[44 45]","num_routes":2},"geometry":{"type":"Point","coordinates":[-122.712811967605944,45.468865043524687]}},
{"type":"Feature","properties":{"stop_id":7437,"routes":"[15 75]","num_routes":2},"geometry":{"type":"Point","coordinates":[-122.62284604806176,45.516356416251909]}},
{"type":"Feature","properties":{"stop_id":7438,"routes":"[15 75]","num_routes":2},"geometry":{"type":"Point","coordinates":[-122.623075761293507,45.516598391478524]}},
{"type":"Feature","properties":{"stop_id":7440,"routes":"[20 75]","num_routes":2},"geometry":{"type":"Point","coordinates":[-122.622929692826418,45.523403210560396]}},
{"type":"Feature","properties":{"stop_id":7441,"routes":"[20 75]","num_routes":2},"geometry":{"type":"Point","coordinates":[-122.62313057530686,45.523712957801933]}},
{"type":"Feature","properties":{"stop_id":7445,"routes":"[ 2 75]","num_routes":2},"geometry":{"type":"Point","coordinates":[-122.622532530240434,45.50499296496195]}},
{"type":"Feature","properties":{"stop_id":7446,"routes":"[ 2 75]","num_routes":2},"geometry":{"type":"Point","coordinates":[-122.622758477161014,45.504416985642763]}},
{"type":"Feature","properties":{"stop_id":7451,"routes":"[19 75]","num_routes":2},"geometry":{"type":"Point","coordinates":[-122.622464937756959,45.526475341884222]}},
{"type":"Feature","properties":{"stop_id":7452,"routes":"[19 75]","num_routes":2},"geometry":{"type":"Point","coordinates":[-122.623569930919984,45.526434125055381]}},
{"type":"Feature","properties":{"stop_id":7459,"routes":"[14 75]","num_routes":2},"geometry":{"type":"Point","coordinates":[-122.622686574779095,45.51176826597613]}},
{"type":"Feature","properties":{"stop_id":7460,"routes":"[14 75]","num_routes":2},"geometry":{"type":"Point","coordinates":[-122.622978275668601,45.512190284513743]}},
{"type":"Feature","properties":{"stop_id":7463,"routes":"[17 75]","num_routes":2},"geometry":{"type":"Point","coordinates":[-122.622851881181234,45.490473569736189]}},
{"type":"Feature","properties":{"stop_id":7465,"routes":"[19 75]","num_routes":2},"geometry":{"type":"Point","coordinates":[-122.622592489160908,45.479660128601715]}},
{"type":"Feature","properties":{"stop_id":7466,"routes":"[19 75]","num_routes":2},"geometry":{"type":"Point","coordinates":[-122.622748154062762,45.480027695419068]}},
{"type":"Feature","properties":{"stop_id":7474,"routes":"[17 75]","num_routes":2},"geometry":{"type":"Point","coordinates":[-122.622565721979043,45.490916171840524]}},
{"type":"Feature","properties":{"stop_id":7476,"routes":"[ 9 75]","num_routes":2},"geometry":{"type":"Point","coordinates":[-122.622741297507361,45.497480829570783]}},
{"type":"Feature","properties":{"stop_id":7477,"routes":"[ 9 75]","num_routes":2},"geometry":{"type":"Point","coordinates":[-122.622503393182868,45.497749665379729]}},
{"type":"Feature","properties":{"stop_id":7484,"routes":"[12 75 77]","num_routes":3},"geometry":{"type":"Point","coordinates":[-122.622784943002983,45.534713855534676]}},
{"type":"Feature","properties":{"stop_id":7487,"routes":"[10 75]","num_routes":2},"geometry":{"type":"Point","coordinates":[-122.622533186837785,45.484514766888203]}},
{"type":"Feature","properties":{"stop_id":7488,"routes":"[10 75]","num_routes":2},"geometry":{"type":"Point","coordinates":[-122.622771748484681,45.484844400920061]}},
{"type":"Feature","properties":{"stop_id":7501,"routes":"[24 75]","num_routes":2},"geometry":{"type":"Point","coordinates":[-122.620281541952167,45.548540805741489]}},
{"type":"Feature","properties":{"stop_id":7512,"routes":"[24 75]","num_routes":2},"geometry":{"type":"Point","coordinates":[-122.620449470238142,45.548547408194985]}},
{"type":"Feature","properties":{"stop_id":7519,"routes":"[72 75]","num_routes":2},"geometry":{"type":"Point","coordinates":[-122.620495471938156,45.563027904522741]}},
{"type":"Feature","properties":{"stop_id":7520,"routes":"[72 75]","num_routes":2},"geometry":{"type":"Point","coordinates":[-122.620339671408175,45.563549657575734]}},
{"type":"Feature","properties":{"stop_id":7527,"routes":"[12 75]","num_routes":2},"geometry":{"type":"Point","coordinates":[-122.620030868515926,45.53622345913454]}},
{"type":"Feature","properties":{"stop_id":7528,"routes":"[12 75]","num_routes":2},"geometry":{"type":"Point","coordinates":[-122.619846104023452,45.536402981017382]}},
{"type":"Feature","properties":{"stop_id":7565,"routes":"[19 75]","num_routes":2},"geometry":{"type":"Point","coordinates":[-122.615394140612125,45.479046864141445]}},
{"type":"Feature","properties":{"stop_id":7579,"routes":"[44 78]","num_routes":2},"geometry":{"type":"Point","coordinates":[-122.726946968782642,45.439968111119384]}},
{"type":"Feature","properties":{"stop_id":7586,"routes":"[  1   2   4   8   9  12  15  17  35  40  44  54 287 288 292]","num_routes":15},"geometry":{"type":"Point","coordinates":[-122.677221464191859,45.519607444607679]}},
{"type":"Feature","properties":{"stop_id":7588,"routes":"[ 1  8 12 44]","num_routes":4},"geometry":{"type":"Point","coordinates":[-122.683864775650946,45.507088728923506]}},
{"type":"Feature","properties":{"stop_id":7591,"routes":"[ 1  8 12 44]","num_routes":4},"geometry":{"type":"Point","coordinates":[-122.683295090053136,45.505610686178159]}},
{"type":"Feature","properties":{"stop_id":7594,"routes":"[  1   2   4   6   9  12  17  19  35  38  40  44  45  54  55  58  96 190\n 200 290 291 293]","num_routes":22},"geometry":{"type":"Point","coordinates":[-122.680127298711668,45.514302690997461]}},
{"type":"Feature","properties":{"stop_id":7601,"routes":"[190 200 290 291 293]","num_routes":5},"geometry":{"type":"Point","coordinates":[-122.675618851872002,45.526740872130496]}},
{"type":"Feature","properties":{"stop_id":7602,"routes":"[  1   2   8   9  12  17  19  35  40  44  54 190 193 195 200 290 291 293]","num_routes":18},"geometry":{"type":"Point","coordinates":[-122.681937578604646,45.51094419559783]}},
{"type":"Feature","properties":{"stop_id":7605,"routes":"[ 9 81 82 84]","num_routes":4},"geometry":{"type":"Point","coordinates":[-122.427814579130711,45.501074637699531]}},
{"type":"Feature","properties":{"stop_id":7606,"routes":"[190 200 290]","num_routes":3},"geometry":{"type":"Point","coordinates":[-122.683013237346771,45.508984873516155]}},
{"type":"Feature","properties":{"stop_id":7608,"routes":"[  1   2   4   6   8   9  10  12  14  17  19  58 190 200 290 291 293]","num_routes":17},"geometry":{"type":"Point","coordinates":[-122.679756046966361,45.514923244811762]}},
{"type":"Feature","properties":{"stop_id":7612,"routes":"[  1   4   8   9  10  12  14  17  35  40  44  54 190 200 290 291 293]","num_routes":17},"geometry":{"type":"Point","coordinates":[-122.679366440065323,45.515687809503298]}},
{"type":"Feature","properties":{"stop_id":7614,"routes":"[ 1  2  4  8  9 10 12 14 17 35 40 44 54]","num_routes":13},"geometry":{"type":"Point","coordinates":[-122.6790303614127,45.516274922094667]}},
{"type":"Feature","properties":{"stop_id":7616,"routes":"[  1   8   9  12  17  19  35  40  44  54 193 195]","num_routes":12},"geometry":{"type":"Point","coordinates":[-122.680851445055922,45.512959336441533]}},
{"type":"Feature","properties":{"stop_id":7618,"routes":"[  8   9  17  19  44 190 193 194 195 200 290 291 293]","num_routes":13},"geometry":{"type":"Point","coordinates":[-122.68156518476431,45.511650220485564]}},
{"type":"Feature","properties":{"stop_id":7625,"routes":"[  1   8   9  12  17  35  40  44  54 190 200 287 288 290 291 292 293]","num_routes":17},"geometry":{"type":"Point","coordinates":[-122.677585597508084,45.518941431235845]}},
{"type":"Feature","properties":{"stop_id":7627,"routes":"[  1   4   8   9  12  16  17  19  35  40  44  54 190 200 287 288 290 291\n 292 293]","num_routes":20},"geometry":{"type":"Point","coordinates":[-122.676192726469637,45.521578909409868]}},
{"type":"Feature","properties":{"stop_id":7631,"routes":"[  1   4   8   9  12  17  19  20  35  40  44  54 190 200 287 288 290 291\n 292 293]","num_routes":20},"geometry":{"type":"Point","coordinates":[-122.675840999620718,45.522245701285151]}},
{"type":"Feature","properties":{"stop_id":7634,"routes":"[ 1  2  4  9 12 17 19 35 40 44 54]","num_routes":11},"geometry":{"type":"Point","coordinates":[-122.678665503649583,45.516945333289001]}},
{"type":"Feature","properties":{"stop_id":7636,"routes":"[  1   2   4   9  12  15  16  17  19 190 200 287 288 290 291 292 293]","num_routes":17},"geometry":{"type":"Point","coordinates":[-122.67649813516698,45.52095099179607]}},
{"type":"Feature","properties":{"stop_id":7640,"routes":"[  1   2   4   9  12  17  19  63 190 200 290 291 293]","num_routes":13},"geometry":{"type":"Point","coordinates":[-122.67830681573686,45.517608743465232]}},
{"type":"Feature","properties":{"stop_id":7642,"routes":"[  1   2   4   9  12  15  17  19  35  40  44  54 287 288 292]","num_routes":15},"geometry":{"type":"Point","coordinates":[-122.676869446586224,45.5202754746838]}},
{"type":"Feature","properties":{"stop_id":7644,"routes":"[34 79]","num_routes":2},"geometry":{"type":"Point","coordinates":[-122.598407104089318,45.363084671316471]}},
{"type":"Feature","properties":{"stop_id":7646,"routes":"[  1   8   9  12  17  19  63  90 100 190 200 287 288 290 291 292 293]","num_routes":17},"geometry":{"type":"Point","coordinates":[-122.677948188845846,45.518260942341094]}},
{"type":"Feature","properties":{"stop_id":7654,"routes":"[ 2 14]","num_routes":2},"geometry":{"type":"Point","coordinates":[-122.611146994571797,45.505663833589367]}},
{"type":"Feature","properties":{"stop_id":7655,"routes":"[ 2 14]","num_routes":2},"geometry":{"type":"Point","coordinates":[-122.611297729149669,45.505476558962393]}},
{"type":"Feature","properties":{"stop_id":7656,"routes":"[ 9 14]","num_routes":2},"geometry":{"type":"Point","coordinates":[-122.611269199368508,45.498015083900832]}},
{"type":"Feature","properties":{"stop_id":7657,"routes":"[ 9 14]","num_routes":2},"geometry":{"type":"Point","coordinates":[-122.611455134601258,45.497987671726257]}},
{"type":"Feature","properties":{"stop_id":7678,"routes":"[ 2 71]","num_routes":2},"geometry":{"type":"Point","coordinates":[-122.608921134625902,45.505148767066224]}},
{"type":"Feature","properties":{"stop_id":7679,"routes":"[ 2 71]","num_routes":2},"geometry":{"type":"Point","coordinates":[-122.609095557769393,45.505039862262144]}},
{"type":"Feature","properties":{"stop_id":7680,"routes":"[19 71]","num_routes":2},"geometry":{"type":"Point","coordinates":[-122.608654216058824,45.475714993013092]}},
{"type":"Feature","properties":{"stop_id":7682,"routes":"[19 71]","num_routes":2},"geometry":{"type":"Point","coordinates":[-122.608822310680807,45.475950034696488]}},
{"type":"Feature","properties":{"stop_id":7683,"routes":"[14 71]","num_routes":2},"geometry":{"type":"Point","coordinates":[-122.608956127898423,45.495353941400616]}},
{"type":"Feature","properties":{"stop_id":7684,"routes":"[14 71]","num_routes":2},"geometry":{"type":"Point","coordinates":[-122.609127334549513,45.495251808917303]}},
{"type":"Feature","properties":{"stop_id":7690,"routes":"[10 71]","num_routes":2},"geometry":{"type":"Point","coordinates":[-122.60866700116388,45.482946702958067]}},
{"type":"Feature","properties":{"stop_id":7691,"routes":"[10 71]","num_routes":2},"geometry":{"type":"Point","coordinates":[-122.608833797365079,45.482841333851965]}},
{"type":"Feature","properties":{"stop_id":7692,"routes":"[17 71]","num_routes":2},"geometry":{"type":"Point","coordinates":[-122.608912479781537,45.489986282266798]}},
{"type":"Feature","properties":{"stop_id":7693,"routes":"[17 71]","num_routes":2},"geometry":{"type":"Point","coordinates":[-122.609099344937803,45.490501487435878]}},
{"type":"Feature","properties":{"stop_id":7704,"routes":"[ 9 71]","num_routes":2},"geometry":{"type":"Point","coordinates":[-122.608970927803838,45.497167785033767]}},
{"type":"Feature","properties":{"stop_id":7706,"routes":"[ 9 71]","num_routes":2},"geometry":{"type":"Point","coordinates":[-122.609157712499794,45.497190739125301]}},
{"type":"Feature","properties":{"stop_id":7714,"routes":"[10 71]","num_routes":2},"geometry":{"type":"Point","coordinates":[-122.608653634265323,45.484524799162863]}},
{"type":"Feature","properties":{"stop_id":7716,"routes":"[10 71]","num_routes":2},"geometry":{"type":"Point","coordinates":[-122.608844826343542,45.484440107648432]}},
{"type":"Feature","properties":{"stop_id":7718,"routes":"[19 71]","num_routes":2},"geometry":{"type":"Point","coordinates":[-122.608819040925866,45.477825152311645]}},
{"type":"Feature","properties":{"stop_id":7719,"routes":"[19 71]","num_routes":2},"geometry":{"type":"Point","coordinates":[-122.608647706693787,45.477429686793748]}},
{"type":"Feature","properties":{"stop_id":7721,"routes":"[19 71]","num_routes":2},"geometry":{"type":"Point","coordinates":[-122.608654526336949,45.479547639416715]}},
{"type":"Feature","properties":{"stop_id":7732,"routes":"[24 71]","num_routes":2},"geometry":{"type":"Point","coordinates":[-122.604476047688209,45.54803078131858]}},
{"type":"Feature","properties":{"stop_id":7733,"routes":"[24 71]","num_routes":2},"geometry":{"type":"Point","coordinates":[-122.604660032866164,45.547980973732493]}},
{"type":"Feature","properties":{"stop_id":7737,"routes":"[12 71]","num_routes":2},"geometry":{"type":"Point","coordinates":[-122.604523442414575,45.542676791421528]}},
{"type":"Feature","properties":{"stop_id":7738,"routes":"[12 71]","num_routes":2},"geometry":{"type":"Point","coordinates":[-122.604662968126945,45.541818485064816]}},
{"type":"Feature","properties":{"stop_id":7747,"routes":"[  1   4   8   9  12  15  17  35  40  44  54 190 200 287 288 291 292 293]","num_routes":18},"geometry":{"type":"Point","coordinates":[-122.678254228134435,45.51961228397942]}},
{"type":"Feature","properties":{"stop_id":7749,"routes":"[ 1  8 12 44]","num_routes":4},"geometry":{"type":"Point","coordinates":[-122.684165898059064,45.506868001351805]}},
{"type":"Feature","properties":{"stop_id":7751,"routes":"[  1   4   8   9  12  17  19  20  35  40  44  54 190 200 287 288 291 292\n 293]","num_routes":19},"geometry":{"type":"Point","coordinates":[-122.676429435736225,45.522885756561223]}},
{"type":"Feature","properties":{"stop_id":7756,"routes":"[  1   2   6   8   9  12  17  19  35  40  44  54  58 193 195]","num_routes":15},"geometry":{"type":"Point","coordinates":[-122.681454197729664,45.51360209537053]}},
{"type":"Feature","properties":{"stop_id":7763,"routes":"[  2 190 200 290 291 293]","num_routes":6},"geometry":{"type":"Point","coordinates":[-122.676531434524989,45.527227358832747]}},
{"type":"Feature","properties":{"stop_id":7765,"routes":"[  1   2   4   6   9  12  17  19  35  38  40  44  45  54  55  58  96 190\n 200 290 291 293]","num_routes":22},"geometry":{"type":"Point","coordinates":[-122.680775867603302,45.514875296107292]}},
{"type":"Feature","properties":{"stop_id":7767,"routes":"[  1   4   8   9  10  12  14  17  35  40  44  54 190 200 291 293]","num_routes":16},"geometry":{"type":"Point","coordinates":[-122.680053005229681,45.516278289710947]}},
{"type":"Feature","properties":{"stop_id":7772,"routes":"[  1   8   9  12  17  19  44 193 194 195]","num_routes":10},"geometry":{"type":"Point","coordinates":[-122.68182579953195,45.512951899061775]}},
{"type":"Feature","properties":{"stop_id":7773,"routes":"[  1   8   9  12  17  19  44 190 193 194 195 200 290 291 293]","num_routes":15},"geometry":{"type":"Point","coordinates":[-122.682216918706033,45.512238358136344]}},
{"type":"Feature","properties":{"stop_id":7774,"routes":"[  8   9  17  19  35  40  44  54 190 193 194 195 200 290 291 293]","num_routes":16},"geometry":{"type":"Point","coordinates":[-122.682564914555428,45.511602415693503]}},
{"type":"Feature","properties":{"stop_id":7777,"routes":"[  1   8   9  12  15  17  63  90 100 190 200 287 288 290 291 292 293]","num_routes":17},"geometry":{"type":"Point","coordinates":[-122.678572648452814,45.518973103384688]}},
{"type":"Feature","properties":{"stop_id":7787,"routes":"[  1   4   8   9  12  16  17  19  35  40  44  54 190 200 287 288 290 291\n 292 293]","num_routes":20},"geometry":{"type":"Point","coordinates":[-122.676770001936205,45.52233255064295]}},
{"type":"Feature","properties":{"stop_id":7789,"routes":"[ 1  2  4  8  9 10 12 14 17 19 35 40 44 54]","num_routes":14},"geometry":{"type":"Point","coordinates":[-122.679701625315417,45.516939254482743]}},
{"type":"Feature","properties":{"stop_id":7793,"routes":"[ 1  8 12 44]","num_routes":4},"geometry":{"type":"Point","coordinates":[-122.684210643912877,45.505585242340665]}},
{"type":"Feature","properties":{"stop_id":7794,"routes":"[ 1  8 12 44]","num_routes":4},"geometry":{"type":"Point","coordinates":[-122.684460426196139,45.505377722230342]}},
{"type":"Feature","properties":{"stop_id":7797,"routes":"[  1   2   4   9  12  17  19  35  40  44  54 287 288 292]","num_routes":14},"geometry":{"type":"Point","coordinates":[-122.677535852817115,45.520936188378904]}},
{"type":"Feature","properties":{"stop_id":7800,"routes":"[  1   2   4   9  12  17  19  35  40  44  54  63  90 100]","num_routes":14},"geometry":{"type":"Point","coordinates":[-122.679329975481764,45.517609922607434]}},
{"type":"Feature","properties":{"stop_id":7803,"routes":"[  1   2   4   8   9  12  15  17  19  35  40  44  54 287 288 292]","num_routes":16},"geometry":{"type":"Point","coordinates":[-122.677873843885692,45.52024952522256]}},
{"type":"Feature","properties":{"stop_id":7807,"routes":"[  1   2   9  12  17  19  63  90 100 190 200 290 291 293]","num_routes":14},"geometry":{"type":"Point","coordinates":[-122.678989002453406,45.51820480210516]}},
{"type":"Feature","properties":{"stop_id":7812,"routes":"[15 71]","num_routes":2},"geometry":{"type":"Point","coordinates":[-122.601959821325593,45.517152908079098]}},
{"type":"Feature","properties":{"stop_id":7813,"routes":"[15 71]","num_routes":2},"geometry":{"type":"Point","coordinates":[-122.602103495078993,45.51687903680839]}},
{"type":"Feature","properties":{"stop_id":7814,"routes":"[20 71]","num_routes":2},"geometry":{"type":"Point","coordinates":[-122.602460371999982,45.522607362741553]}},
{"type":"Feature","properties":{"stop_id":7815,"routes":"[20 71]","num_routes":2},"geometry":{"type":"Point","coordinates":[-122.602242044794409,45.522742917963335]}},
{"type":"Feature","properties":{"stop_id":7818,"routes":"[19 71]","num_routes":2},"geometry":{"type":"Point","coordinates":[-122.602191602025911,45.526352353569848]}},
{"type":"Feature","properties":{"stop_id":7819,"routes":"[19 71]","num_routes":2},"geometry":{"type":"Point","coordinates":[-122.602364948951433,45.526631261894877]}},
{"type":"Feature","properties":{"stop_id":7820,"routes":"[71 77]","num_routes":2},"geometry":{"type":"Point","coordinates":[-122.602078315028223,45.533465795439206]}},
{"type":"Feature","properties":{"stop_id":7827,"routes":"[ 71  90 100 200 287 292]","num_routes":6},"geometry":{"type":"Point","coordinates":[-122.602127164952549,45.528976120118848]}},
{"type":"Feature","properties":{"stop_id":7828,"routes":"[ 71  90 100 200 287 292]","num_routes":6},"geometry":{"type":"Point","coordinates":[-122.602407052862532,45.528611691158325]}},
{"type":"Feature","properties":{"stop_id":7876,"routes":"[38 78]","num_routes":2},"geometry":{"type":"Point","coordinates":[-122.751820899959952,45.42509492300659]}},
{"type":"Feature","properties":{"stop_id":7879,"routes":"[37 38 76 96]","num_routes":4},"geometry":{"type":"Point","coordinates":[-122.748832638378332,45.394711709914191]}},
{"type":"Feature","properties":{"stop_id":7880,"routes":"[37 38 76 96]","num_routes":4},"geometry":{"type":"Point","coordinates":[-122.748798652900888,45.394713813312464]}},
{"type":"Feature","properties":{"stop_id":7893,"routes":"[38 96]","num_routes":2},"geometry":{"type":"Point","coordinates":[-122.749436252887662,45.40390422186838]}},
{"type":"Feature","properties":{"stop_id":7900,"routes":"[54 55]","num_routes":2},"geometry":{"type":"Point","coordinates":[-122.757086290809383,45.486302289073983]}},
{"type":"Feature","properties":{"stop_id":7916,"routes":"[72 77]","num_routes":2},"geometry":{"type":"Point","coordinates":[-122.579940392712558,45.532748077292545]}},
{"type":"Feature","properties":{"stop_id":7918,"routes":"[33 71 72]","num_routes":3},"geometry":{"type":"Point","coordinates":[-122.578752746048963,45.447411884286971]}},
{"type":"Feature","properties":{"stop_id":7920,"routes":"[33 71 72]","num_routes":3},"geometry":{"type":"Point","coordinates":[-122.578706072161935,45.443653473387045]}},
{"type":"Feature","properties":{"stop_id":7921,"routes":"[33 71 72]","num_routes":3},"geometry":{"type":"Point","coordinates":[-122.579082853563193,45.444225331336327]}},
{"type":"Feature","properties":{"stop_id":7928,"routes":"[15 72]","num_routes":2},"geometry":{"type":"Point","coordinates":[-122.578894297245697,45.518266633393523]}},
{"type":"Feature","properties":{"stop_id":7929,"routes":"[15 72]","num_routes":2},"geometry":{"type":"Point","coordinates":[-122.57912927465118,45.51779614196024]}},
{"type":"Feature","properties":{"stop_id":7936,"routes":"[20 72]","num_routes":2},"geometry":{"type":"Point","coordinates":[-122.578927836339034,45.522665137985747]}},
{"type":"Feature","properties":{"stop_id":7937,"routes":"[20 72]","num_routes":2},"geometry":{"type":"Point","coordinates":[-122.579215213054781,45.522926251325778]}},
{"type":"Feature","properties":{"stop_id":7941,"routes":"[33 71 72]","num_routes":3},"geometry":{"type":"Point","coordinates":[-122.578747196566894,45.441060214611966]}},
{"type":"Feature","properties":{"stop_id":7942,"routes":"[33 71 72]","num_routes":3},"geometry":{"type":"Point","coordinates":[-122.579123050036685,45.441557880422266]}},
{"type":"Feature","properties":{"stop_id":7950,"routes":"[19 72]","num_routes":2},"geometry":{"type":"Point","coordinates":[-122.579203769110677,45.473727792843732]}},
{"type":"Feature","properties":{"stop_id":7957,"routes":"[ 2 72]","num_routes":2},"geometry":{"type":"Point","coordinates":[-122.578577683404717,45.50513225967719]}},
{"type":"Feature","properties":{"stop_id":7958,"routes":"[ 2 72]","num_routes":2},"geometry":{"type":"Point","coordinates":[-122.578812898554858,45.505102875205985]}},
{"type":"Feature","properties":{"stop_id":7960,"routes":"[19 72]","num_routes":2},"geometry":{"type":"Point","coordinates":[-122.578975953141381,45.475739477435638]}},
{"type":"Feature","properties":{"stop_id":7961,"routes":"[19 72]","num_routes":2},"geometry":{"type":"Point","coordinates":[-122.579265176127336,45.475629177605143]}},
{"type":"Feature","properties":{"stop_id":7962,"routes":"[19 72]","num_routes":2},"geometry":{"type":"Point","coordinates":[-122.578946766844297,45.468976480957238]}},
{"type":"Feature","properties":{"stop_id":7963,"routes":"[19 72]","num_routes":2},"geometry":{"type":"Point","coordinates":[-122.579178023603191,45.468876279368281]}},
{"type":"Feature","properties":{"stop_id":7964,"routes":"[10 14 72]","num_routes":3},"geometry":{"type":"Point","coordinates":[-122.57882165424644,45.483292272722622]}},
{"type":"Feature","properties":{"stop_id":7965,"routes":"[10 14 72]","num_routes":3},"geometry":{"type":"Point","coordinates":[-122.579111549066894,45.483627799184603]}},
{"type":"Feature","properties":{"stop_id":7966,"routes":"[24 72]","num_routes":2},"geometry":{"type":"Point","coordinates":[-122.578875040465249,45.548388799079945]}},
{"type":"Feature","properties":{"stop_id":7967,"routes":"[24 72]","num_routes":2},"geometry":{"type":"Point","coordinates":[-122.578642525040934,45.547940089754249]}},
{"type":"Feature","properties":{"stop_id":7970,"routes":"[19 72]","num_routes":2},"geometry":{"type":"Point","coordinates":[-122.578966407085957,45.473890086245895]}},
{"type":"Feature","properties":{"stop_id":7972,"routes":"[19 72]","num_routes":2},"geometry":{"type":"Point","coordinates":[-122.578942305987113,45.526661801979031]}},
{"type":"Feature","properties":{"stop_id":7973,"routes":"[19 72]","num_routes":2},"geometry":{"type":"Point","coordinates":[-122.579177742371343,45.526558083144053]}},
{"type":"Feature","properties":{"stop_id":7975,"routes":"[29 30 31 79]","num_routes":4},"geometry":{"type":"Point","coordinates":[-122.579455431208757,45.432204406668923]}},
{"type":"Feature","properties":{"stop_id":7982,"routes":"[19 72]","num_routes":2},"geometry":{"type":"Point","coordinates":[-122.578952938605056,45.471211787243782]}},
{"type":"Feature","properties":{"stop_id":7984,"routes":"[17 72]","num_routes":2},"geometry":{"type":"Point","coordinates":[-122.578665298914402,45.490796964945176]}},
{"type":"Feature","properties":{"stop_id":7986,"routes":"[17 72]","num_routes":2},"geometry":{"type":"Point","coordinates":[-122.578983586134967,45.490485956349367]}},
{"type":"Feature","properties":{"stop_id":7990,"routes":"[33 71 72]","num_routes":3},"geometry":{"type":"Point","coordinates":[-122.57908517973928,45.446593706564954]}},
{"type":"Feature","properties":{"stop_id":7999,"routes":"[ 72  77  90 100 200 287 292]","num_routes":7},"geometry":{"type":"Point","coordinates":[-122.578867658864155,45.533616026973782]}},
{"type":"Feature","properties":{"stop_id":8000,"routes":"[ 72  77  90 100 200 287 292]","num_routes":7},"geometry":{"type":"Point","coordinates":[-122.579178006654445,45.533319337442194]}},
{"type":"Feature","properties":{"stop_id":8005,"routes":"[ 29  30  31  79 152]","num_routes":5},"geometry":{"type":"Point","coordinates":[-122.578930648604256,45.435772838950378]}},
{"type":"Feature","properties":{"stop_id":8006,"routes":"[ 29  30  31  79 152]","num_routes":5},"geometry":{"type":"Point","coordinates":[-122.579264982127299,45.435942264740113]}},
{"type":"Feature","properties":{"stop_id":8010,"routes":"[72 77]","num_routes":2},"geometry":{"type":"Point","coordinates":[-122.57892080583504,45.53160566943621]}},
{"type":"Feature","properties":{"stop_id":8013,"routes":"[19 72]","num_routes":2},"geometry":{"type":"Point","coordinates":[-122.579188992895027,45.470801337319109]}},
{"type":"Feature","properties":{"stop_id":8023,"routes":"[ 9 72]","num_routes":2},"geometry":{"type":"Point","coordinates":[-122.578585422174598,45.497827858592615]}},
{"type":"Feature","properties":{"stop_id":8024,"routes":"[ 9 72]","num_routes":2},"geometry":{"type":"Point","coordinates":[-122.578890122380812,45.497115580957065]}},
{"type":"Feature","properties":{"stop_id":8025,"routes":"[71 72]","num_routes":2},"geometry":{"type":"Point","coordinates":[-122.578754740852872,45.554940390549568]}},
{"type":"Feature","properties":{"stop_id":8026,"routes":"[71 72]","num_routes":2},"geometry":{"type":"Point","coordinates":[-122.578480227282029,45.555343533832158]}},
{"type":"Feature","properties":{"stop_id":8038,"routes":"[12 72]","num_routes":2},"geometry":{"type":"Point","coordinates":[-122.578816284466882,45.552705967287217]}},
{"type":"Feature","properties":{"stop_id":8039,"routes":"[12 72]","num_routes":2},"geometry":{"type":"Point","coordinates":[-122.578546642889137,45.553112781094256]}},
{"type":"Feature","properties":{"stop_id":8047,"routes":"[15 72]","num_routes":2},"geometry":{"type":"Point","coordinates":[-122.578964414183616,45.519476653476502]}},
{"type":"Feature","properties":{"stop_id":8048,"routes":"[15 72]","num_routes":2},"geometry":{"type":"Point","coordinates":[-122.579232807852549,45.519299658529917]}},
{"type":"Feature","properties":{"stop_id":8049,"routes":"[ 29  30  31  79 152]","num_routes":5},"geometry":{"type":"Point","coordinates":[-122.579049396395547,45.432965941871807]}},
{"type":"Feature","properties":{"stop_id":8050,"routes":"[ 29  30  31  79 152]","num_routes":5},"geometry":{"type":"Point","coordinates":[-122.579380880823649,45.433755146041108]}},
{"type":"Feature","properties":{"stop_id":8134,"routes":"[10 14 73 86]","num_routes":4},"geometry":{"type":"Point","coordinates":[-122.563380645189099,45.478201951746499]}},
{"type":"Feature","properties":{"stop_id":8156,"routes":"[ 29 152]","num_routes":2},"geometry":{"type":"Point","coordinates":[-122.60493644465771,45.430837104337321]}},
{"type":"Feature","properties":{"stop_id":8168,"routes":"[34 75]","num_routes":2},"geometry":{"type":"Point","coordinates":[-122.62981111116639,45.462430783254057]}},
{"type":"Feature","properties":{"stop_id":8181,"routes":"[ 46  47  48  57 100 288]","num_routes":6},"geometry":{"type":"Point","coordinates":[-122.985078866712897,45.521502442638791]}},
{"type":"Feature","properties":{"stop_id":8194,"routes":"[ 15  19  22  23  24  25  87  90 100 200 287 292]","num_routes":12},"geometry":{"type":"Point","coordinates":[-122.563787872889264,45.530577027103476]}},
{"type":"Feature","properties":{"stop_id":8199,"routes":"[  2   9  20  21  81  82  84 100 287]","num_routes":9},"geometry":{"type":"Point","coordinates":[-122.426932418838319,45.502867621221498]}},
{"type":"Feature","properties":{"stop_id":8207,"routes":"[ 35  37  78 153]","num_routes":4},"geometry":{"type":"Point","coordinates":[-122.667997672942448,45.420183455354554]}},
{"type":"Feature","properties":{"stop_id":8208,"routes":"[ 35  37  78 153]","num_routes":4},"geometry":{"type":"Point","coordinates":[-122.667894147742771,45.420636578801748]}},
{"type":"Feature","properties":{"stop_id":8209,"routes":"[ 12  43  45  76  78  94 203]","num_routes":7},"geometry":{"type":"Point","coordinates":[-122.769527913519227,45.430191603373743]}},
{"type":"Feature","properties":{"stop_id":8210,"routes":"[ 12  43  45  76  78  94 203]","num_routes":7},"geometry":{"type":"Point","coordinates":[-122.769102942985313,45.430107677279103]}},
{"type":"Feature","properties":{"stop_id":8211,"routes":"[ 12  43  45  76  78  94 203]","num_routes":7},"geometry":{"type":"Point","coordinates":[-122.769374395809692,45.430300222015774]}},
{"type":"Feature","properties":{"stop_id":8212,"routes":"[ 12  43  45  76  78  94 203]","num_routes":7},"geometry":{"type":"Point","coordinates":[-122.76929194854867,45.430467696050862]}},
{"type":"Feature","properties":{"stop_id":8213,"routes":"[12 39 43]","num_routes":3},"geometry":{"type":"Point","coordinates":[-122.717687457845827,45.454473534045661]}},
{"type":"Feature","properties":{"stop_id":8223,"routes":"[ 29  32  33  34  70  75 152 291]","num_routes":8},"geometry":{"type":"Point","coordinates":[-122.641283761061132,45.444901392634726]}},
{"type":"Feature","properties":{"stop_id":8225,"routes":"[ 29  32  33  34  70  75 152 291]","num_routes":8},"geometry":{"type":"Point","coordinates":[-122.640504908529408,45.444832356747845]}},
{"type":"Feature","properties":{"stop_id":8234,"routes":"[ 67 288]","num_routes":2},"geometry":{"type":"Point","coordinates":[-122.84062963690937,45.507261564044306]}},
{"type":"Feature","properties":{"stop_id":8250,"routes":"[96 97]","num_routes":2},"geometry":{"type":"Point","coordinates":[-122.758574043557374,45.382103284079776]}},
{"type":"Feature","properties":{"stop_id":8262,"routes":"[52 57 76]","num_routes":3},"geometry":{"type":"Point","coordinates":[-122.806381974340042,45.487568655731472]}},
{"type":"Feature","properties":{"stop_id":8270,"routes":"[57 76]","num_routes":2},"geometry":{"type":"Point","coordinates":[-122.80648822067279,45.488267469429651]}},
{"type":"Feature","properties":{"stop_id":8272,"routes":"[57 76]","num_routes":2},"geometry":{"type":"Point","coordinates":[-122.803965585283862,45.488560472945935]}},
{"type":"Feature","properties":{"stop_id":8274,"routes":"[76 96]","num_routes":2},"geometry":{"type":"Point","coordinates":[-122.760955928209754,45.376935476053809]}},
{"type":"Feature","properties":{"stop_id":8285,"routes":"[76 96]","num_routes":2},"geometry":{"type":"Point","coordinates":[-122.760449690021616,45.376154042352503]}},
{"type":"Feature","properties":{"stop_id":8306,"routes":"[94 97]","num_routes":2},"geometry":{"type":"Point","coordinates":[-122.846551946889136,45.365943075207625]}},
{"type":"Feature","properties":{"stop_id":8309,"routes":"[34 79]","num_routes":2},"geometry":{"type":"Point","coordinates":[-122.598500231788123,45.362779355972776]}},
{"type":"Feature","properties":{"stop_id":8321,"routes":"[ 15  19  22  23  24  25  87  90 100 200 287 292]","num_routes":12},"geometry":{"type":"Point","coordinates":[-122.562826536782765,45.529564955381588]}},
{"type":"Feature","properties":{"stop_id":8333,"routes":"[ 90 100 193 194 287 288 292]","num_routes":7},"geometry":{"type":"Point","coordinates":[-122.681634832569785,45.519169404159321]}},
{"type":"Feature","properties":{"stop_id":8334,"routes":"[  1   2  12  19  63  90 100 190 200 290 291 293]","num_routes":12},"geometry":{"type":"Point","coordinates":[-122.67915975484172,45.518504804685051]}},
{"type":"Feature","properties":{"stop_id":8336,"routes":"[ 90 100]","num_routes":2},"geometry":{"type":"Point","coordinates":[-122.674186326338898,45.517161875538577]}},
{"type":"Feature","properties":{"stop_id":8337,"routes":"[ 16  90 100]","num_routes":3},"geometry":{"type":"Point","coordinates":[-122.67216084789078,45.520289691964088]}},
{"type":"Feature","properties":{"stop_id":8339,"routes":"[  4   8  16  17  35  40  44  77  90 100 287 288 292]","num_routes":13},"geometry":{"type":"Point","coordinates":[-122.67136761020673,45.525188851188709]}},
{"type":"Feature","properties":{"stop_id":8340,"routes":"[  4  44  90 100 190 200 287 288 292]","num_routes":9},"geometry":{"type":"Point","coordinates":[-122.664931065810549,45.530065983998604]}},
{"type":"Feature","properties":{"stop_id":8341,"routes":"[  6  90 100 200 287 292]","num_routes":6},"geometry":{"type":"Point","coordinates":[-122.661922414014427,45.530061094658976]}},
{"type":"Feature","properties":{"stop_id":8342,"routes":"[ 90 100 194 200 287 292]","num_routes":6},"geometry":{"type":"Point","coordinates":[-122.657754424026407,45.530064186577384]}},
{"type":"Feature","properties":{"stop_id":8343,"routes":"[ 70  90 100 200 287 292]","num_routes":6},"geometry":{"type":"Point","coordinates":[-122.653652803740201,45.530076281161008]}},
{"type":"Feature","properties":{"stop_id":8344,"routes":"[ 90 100 200]","num_routes":3},"geometry":{"type":"Point","coordinates":[-122.620722685236728,45.532780996254495]}},
{"type":"Feature","properties":{"stop_id":8345,"routes":"[ 71  90 100 200 287 292]","num_routes":6},"geometry":{"type":"Point","coordinates":[-122.602717682856991,45.528772351145093]}},
{"type":"Feature","properties":{"stop_id":8346,"routes":"[ 72  77  90 100 200 287 292]","num_routes":7},"geometry":{"type":"Point","coordinates":[-122.577811021185624,45.53323746874041]}},
{"type":"Feature","properties":{"stop_id":8347,"routes":"[ 15  19  22  23  24  25  87  90 100 200 287 292]","num_routes":12},"geometry":{"type":"Point","coordinates":[-122.563591933045643,45.530277660859319]}},
{"type":"Feature","properties":{"stop_id":8348,"routes":"[ 15  20 100 287]","num_routes":4},"geometry":{"type":"Point","coordinates":[-122.557328063707175,45.522588638518954]}},
{"type":"Feature","properties":{"stop_id":8349,"routes":"[ 73 100 287]","num_routes":3},"geometry":{"type":"Point","coordinates":[-122.536813322022766,45.522452682803518]}},
{"type":"Feature","properties":{"stop_id":8350,"routes":"[ 86 100 287]","num_routes":3},"geometry":{"type":"Point","coordinates":[-122.509701437556956,45.522244781782895]}},
{"type":"Feature","properties":{"stop_id":8351,"routes":"[ 74 100 287]","num_routes":3},"geometry":{"type":"Point","coordinates":[-122.495481392057513,45.522126559971404]}},
{"type":"Feature","properties":{"stop_id":8352,"routes":"[100 287]","num_routes":2},"geometry":{"type":"Point","coordinates":[-122.485187149104675,45.522056419473223]}},
{"type":"Feature","properties":{"stop_id":8353,"routes":"[ 87 100 287]","num_routes":3},"geometry":{"type":"Point","coordinates":[-122.476157087363177,45.521940114514386]}},
{"type":"Feature","properties":{"stop_id":8354,"routes":"[100 287]","num_routes":2},"geometry":{"type":"Point","coordinates":[-122.470550914412854,45.520403146728853]}},
{"type":"Feature","properties":{"stop_id":8356,"routes":"[ 21 100]","num_routes":2},"geometry":{"type":"Point","coordinates":[-122.435840719616806,45.505695311567578]}},
{"type":"Feature","properties":{"stop_id":8357,"routes":"[  2   9  20  21  81  82  84 100 287]","num_routes":9},"geometry":{"type":"Point","coordinates":[-122.426657786554514,45.502480808968109]}},
{"type":"Feature","properties":{"stop_id":8360,"routes":"[  2   9  20  21  81  82  84 100 287]","num_routes":9},"geometry":{"type":"Point","coordinates":[-122.427362462434701,45.502710405757156]}},
{"type":"Feature","properties":{"stop_id":8361,"routes":"[ 21 100]","num_routes":2},"geometry":{"type":"Point","coordinates":[-122.436299193977945,45.505986541540082]}},
{"type":"Feature","properties":{"stop_id":8362,"routes":"[100 287]","num_routes":2},"geometry":{"type":"Point","coordinates":[-122.461133815319798,45.51650758268444]}},
{"type":"Feature","properties":{"stop_id":8363,"routes":"[100 287]","num_routes":2},"geometry":{"type":"Point","coordinates":[-122.471107335771762,45.520728921279328]}},
{"type":"Feature","properties":{"stop_id":8364,"routes":"[ 87 100 287]","num_routes":3},"geometry":{"type":"Point","coordinates":[-122.478088430812733,45.52207011708942]}},
{"type":"Feature","properties":{"stop_id":8365,"routes":"[100 287]","num_routes":2},"geometry":{"type":"Point","coordinates":[-122.487154609806282,45.522145594384462]}},
{"type":"Feature","properties":{"stop_id":8366,"routes":"[ 74 100 287]","num_routes":3},"geometry":{"type":"Point","coordinates":[-122.497446134638039,45.522240737101612]}},
{"type":"Feature","properties":{"stop_id":8367,"routes":"[ 86 100 287]","num_routes":3},"geometry":{"type":"Point","coordinates":[-122.51162881450864,45.522349043608152]}},
{"type":"Feature","properties":{"stop_id":8368,"routes":"[ 73 100 287]","num_routes":3},"geometry":{"type":"Point","coordinates":[-122.538717953352517,45.522561570615522]}},
{"type":"Feature","properties":{"stop_id":8369,"routes":"[ 15  20 100 287]","num_routes":4},"geometry":{"type":"Point","coordinates":[-122.55925873093345,45.522696635042571]}},
{"type":"Feature","properties":{"stop_id":8370,"routes":"[ 15  19  22  23  24  25  87  90 100 200 287]","num_routes":11},"geometry":{"type":"Point","coordinates":[-122.563641304620859,45.530847580471629]}},
{"type":"Feature","properties":{"stop_id":8371,"routes":"[ 72  77  90 100 200 287 292]","num_routes":7},"geometry":{"type":"Point","coordinates":[-122.578479113303615,45.533485983719167]}},
{"type":"Feature","properties":{"stop_id":8372,"routes":"[ 71  90 100 200 287 292]","num_routes":6},"geometry":{"type":"Point","coordinates":[-122.603356312841868,45.528499957284126]}},
{"type":"Feature","properties":{"stop_id":8373,"routes":"[ 90 100 200]","num_routes":3},"geometry":{"type":"Point","coordinates":[-122.621381207799757,45.532962081113162]}},
{"type":"Feature","properties":{"stop_id":8374,"routes":"[ 70  90 100 200 287 292]","num_routes":6},"geometry":{"type":"Point","coordinates":[-122.654348929062238,45.530151895932278]}},
{"type":"Feature","properties":{"stop_id":8375,"routes":"[ 90 100 194 200 287 292]","num_routes":6},"geometry":{"type":"Point","coordinates":[-122.658291452456837,45.530155210114792]}},
{"type":"Feature","properties":{"stop_id":8376,"routes":"[  6   8  77  90 100 200 287 292]","num_routes":8},"geometry":{"type":"Point","coordinates":[-122.662553971191983,45.53014337181245]}},
{"type":"Feature","properties":{"stop_id":8377,"routes":"[  4   8  17  35  40  44  77  90 100 190 200 287 288 292 293]","num_routes":15},"geometry":{"type":"Point","coordinates":[-122.665571762695222,45.530240874249266]}},
{"type":"Feature","properties":{"stop_id":8378,"routes":"[ 90 100]","num_routes":2},"geometry":{"type":"Point","coordinates":[-122.671481218077815,45.524700857093336]}},
{"type":"Feature","properties":{"stop_id":8380,"routes":"[ 16  90 100]","num_routes":3},"geometry":{"type":"Point","coordinates":[-122.672537413861704,45.519865242214365]}},
{"type":"Feature","properties":{"stop_id":8381,"routes":"[ 15  90 100]","num_routes":3},"geometry":{"type":"Point","coordinates":[-122.675400287858267,45.518186649487191]}},
{"type":"Feature","properties":{"stop_id":8383,"routes":"[ 15  90 100 190 200 291 293]","num_routes":7},"geometry":{"type":"Point","coordinates":[-122.679489199785266,45.519258612609406]}},
{"type":"Feature","properties":{"stop_id":8384,"routes":"[ 15  90 100 193 194 287 288 292]","num_routes":8},"geometry":{"type":"Point","coordinates":[-122.68193317656393,45.519915440002876]}},
{"type":"Feature","properties":{"stop_id":8414,"routes":"[15 77]","num_routes":2},"geometry":{"type":"Point","coordinates":[-122.704740321189291,45.536892641388022]}},
{"type":"Feature","properties":{"stop_id":8448,"routes":"[33 71 72]","num_routes":3},"geometry":{"type":"Point","coordinates":[-122.577623499638648,45.441212760774185]}},
{"type":"Feature","properties":{"stop_id":8450,"routes":"[43 56]","num_routes":2},"geometry":{"type":"Point","coordinates":[-122.683268944870704,45.481218791759396]}},
{"type":"Feature","properties":{"stop_id":8455,"routes":"[ 8 43 56]","num_routes":3},"geometry":{"type":"Point","coordinates":[-122.682234398547507,45.496427665928721]}},
{"type":"Feature","properties":{"stop_id":8461,"routes":"[81 82 84]","num_routes":3},"geometry":{"type":"Point","coordinates":[-122.418280065304003,45.498124890693504]}},
{"type":"Feature","properties":{"stop_id":8464,"routes":"[20 25 81]","num_routes":3},"geometry":{"type":"Point","coordinates":[-122.399126894951237,45.519153576178063]}},
{"type":"Feature","properties":{"stop_id":8491,"routes":"[53 78 88]","num_routes":3},"geometry":{"type":"Point","coordinates":[-122.80040081397452,45.485295494375272]}},
{"type":"Feature","properties":{"stop_id":8511,"routes":"[15 18 20]","num_routes":3},"geometry":{"type":"Point","coordinates":[-122.692583269103821,45.523063771226319]}},
{"type":"Feature","properties":{"stop_id":8513,"routes":"[ 70  90 100 200 287 292]","num_routes":6},"geometry":{"type":"Point","coordinates":[-122.654474674210221,45.529899746310079]}},
{"type":"Feature","properties":{"stop_id":8543,"routes":"[47 48]","num_routes":2},"geometry":{"type":"Point","coordinates":[-122.913030759233862,45.534331229633821]}},
{"type":"Feature","properties":{"stop_id":8546,"routes":"[46 48]","num_routes":2},"geometry":{"type":"Point","coordinates":[-122.947197542699641,45.532328530246971]}},
{"type":"Feature","properties":{"stop_id":8547,"routes":"[46 48]","num_routes":2},"geometry":{"type":"Point","coordinates":[-122.957634597671074,45.530770438753635]}},
{"type":"Feature","properties":{"stop_id":8552,"routes":"[47 48]","num_routes":2},"geometry":{"type":"Point","coordinates":[-122.973741732043152,45.521753880359874]}},
{"type":"Feature","properties":{"stop_id":8557,"routes":"[46 48]","num_routes":2},"geometry":{"type":"Point","coordinates":[-122.956865554639634,45.53133132459984]}},
{"type":"Feature","properties":{"stop_id":8558,"routes":"[46 48]","num_routes":2},"geometry":{"type":"Point","coordinates":[-122.947371525501651,45.532103924620714]}},
{"type":"Feature","properties":{"stop_id":8564,"routes":"[23 86]","num_routes":2},"geometry":{"type":"Point","coordinates":[-122.510095075828573,45.540845107453571]}},
{"type":"Feature","properties":{"stop_id":8567,"routes":"[23 86]","num_routes":2},"geometry":{"type":"Point","coordinates":[-122.509896228563036,45.548177532079407]}},
{"type":"Feature","properties":{"stop_id":8568,"routes":"[21 23 86]","num_routes":3},"geometry":{"type":"Point","coordinates":[-122.510183896426284,45.552092985178383]}},
{"type":"Feature","properties":{"stop_id":8570,"routes":"[21 74]","num_routes":2},"geometry":{"type":"Point","coordinates":[-122.500530055652916,45.550498389366275]}},
{"type":"Feature","properties":{"stop_id":8571,"routes":"[21 74]","num_routes":2},"geometry":{"type":"Point","coordinates":[-122.496150822894379,45.549461814905783]}},
{"type":"Feature","properties":{"stop_id":8580,"routes":"[77 87]","num_routes":2},"geometry":{"type":"Point","coordinates":[-122.477443288997264,45.534877149694381]}},
{"type":"Feature","properties":{"stop_id":8581,"routes":"[77 87]","num_routes":2},"geometry":{"type":"Point","coordinates":[-122.477087748048802,45.534560434864318]}},
{"type":"Feature","properties":{"stop_id":8585,"routes":"[21 74]","num_routes":2},"geometry":{"type":"Point","coordinates":[-122.49552245801641,45.549501455602062]}},
{"type":"Feature","properties":{"stop_id":8588,"routes":"[21 23 86]","num_routes":3},"geometry":{"type":"Point","coordinates":[-122.510400730264834,45.551807659032995]}},
{"type":"Feature","properties":{"stop_id":8589,"routes":"[23 86]","num_routes":2},"geometry":{"type":"Point","coordinates":[-122.510089964862928,45.548416611811035]}},
{"type":"Feature","properties":{"stop_id":8592,"routes":"[23 86]","num_routes":2},"geometry":{"type":"Point","coordinates":[-122.510379863675439,45.540676183302025]}},
{"type":"Feature","properties":{"stop_id":8598,"routes":"[20 25 81]","num_routes":3},"geometry":{"type":"Point","coordinates":[-122.398306306571342,45.519584417898002]}},
{"type":"Feature","properties":{"stop_id":8604,"routes":"[62 88]","num_routes":2},"geometry":{"type":"Point","coordinates":[-122.826286888443647,45.475676795670189]}},
{"type":"Feature","properties":{"stop_id":8605,"routes":"[62 88]","num_routes":2},"geometry":{"type":"Point","coordinates":[-122.826284846672948,45.473764786909534]}},
{"type":"Feature","properties":{"stop_id":8606,"routes":"[62 88]","num_routes":2},"geometry":{"type":"Point","coordinates":[-122.826350154931447,45.47184211763232]}},
{"type":"Feature","properties":{"stop_id":8607,"routes":"[62 88]","num_routes":2},"geometry":{"type":"Point","coordinates":[-122.826311591699721,45.46528501460751]}},
{"type":"Feature","properties":{"stop_id":8617,"routes":"[45 62]","num_routes":2},"geometry":{"type":"Point","coordinates":[-122.799795379697031,45.444202163095248]}},
{"type":"Feature","properties":{"stop_id":8619,"routes":"[45 62]","num_routes":2},"geometry":{"type":"Point","coordinates":[-122.800818447742614,45.44423423943617]}},
{"type":"Feature","properties":{"stop_id":8632,"routes":"[62 88]","num_routes":2},"geometry":{"type":"Point","coordinates":[-122.825924306277443,45.466019653360519]}},
{"type":"Feature","properties":{"stop_id":8633,"routes":"[62 88]","num_routes":2},"geometry":{"type":"Point","coordinates":[-122.825971453971761,45.469343470518034]}},
{"type":"Feature","properties":{"stop_id":8634,"routes":"[62 88]","num_routes":2},"geometry":{"type":"Point","coordinates":[-122.825976293840768,45.472411345423708]}},
{"type":"Feature","properties":{"stop_id":8635,"routes":"[62 88]","num_routes":2},"geometry":{"type":"Point","coordinates":[-122.825886184058788,45.475248641825495]}},
{"type":"Feature","properties":{"stop_id":8746,"routes":"[77 81]","num_routes":2},"geometry":{"type":"Point","coordinates":[-122.391313296634152,45.540845224502355]}},
{"type":"Feature","properties":{"stop_id":8758,"routes":"[31 32 33 34 35 76 79]","num_routes":7},"geometry":{"type":"Point","coordinates":[-122.604543836499346,45.36027497904719]}},
{"type":"Feature","properties":{"stop_id":8759,"routes":"[31 32 33 34 35 76 79]","num_routes":7},"geometry":{"type":"Point","coordinates":[-122.604408691087542,45.360148920577331]}},
{"type":"Feature","properties":{"stop_id":8760,"routes":"[31 32 33 34 35 76 79]","num_routes":7},"geometry":{"type":"Point","coordinates":[-122.604703238918262,45.360174683965099]}},
{"type":"Feature","properties":{"stop_id":8761,"routes":"[31 32 33 34 35 76 79]","num_routes":7},"geometry":{"type":"Point","coordinates":[-122.604533120025877,45.360008821609689]}},
{"type":"Feature","properties":{"stop_id":8762,"routes":"[31 32 33 34 35 76 79]","num_routes":7},"geometry":{"type":"Point","coordinates":[-122.604643421189351,45.359795102273502]}},
{"type":"Feature","properties":{"stop_id":8770,"routes":"[35 38 40 45 54 55]","num_routes":6},"geometry":{"type":"Point","coordinates":[-122.67768763910999,45.506102302332565]}},
{"type":"Feature","properties":{"stop_id":8776,"routes":"[82 84]","num_routes":2},"geometry":{"type":"Point","coordinates":[-122.398989274999551,45.492200507190809]}},
{"type":"Feature","properties":{"stop_id":8802,"routes":"[15 77]","num_routes":2},"geometry":{"type":"Point","coordinates":[-122.706708560659465,45.536849300594753]}},
{"type":"Feature","properties":{"stop_id":8812,"routes":"[ 9 74]","num_routes":2},"geometry":{"type":"Point","coordinates":[-122.480331957981804,45.49131524929691]}},
{"type":"Feature","properties":{"stop_id":8814,"routes":"[ 4 44]","num_routes":2},"geometry":{"type":"Point","coordinates":[-122.674664795184768,45.570020982779504]}},
{"type":"Feature","properties":{"stop_id":8828,"routes":"[48 62]","num_routes":2},"geometry":{"type":"Point","coordinates":[-122.811087567863737,45.524943740175601]}},
{"type":"Feature","properties":{"stop_id":8830,"routes":"[ 30 156]","num_routes":2},"geometry":{"type":"Point","coordinates":[-122.52440350129676,45.410620960542538]}},
{"type":"Feature","properties":{"stop_id":8843,"routes":"[ 9 73]","num_routes":2},"geometry":{"type":"Point","coordinates":[-122.537825451527098,45.497454661427795]}},
{"type":"Feature","properties":{"stop_id":8860,"routes":"[77 87]","num_routes":2},"geometry":{"type":"Point","coordinates":[-122.47770300857151,45.534814521341559]}},
{"type":"Feature","properties":{"stop_id":8880,"routes":"[18 20 63]","num_routes":3},"geometry":{"type":"Point","coordinates":[-122.707409654465394,45.524008989817808]}},
{"type":"Feature","properties":{"stop_id":8881,"routes":"[18 20 63]","num_routes":3},"geometry":{"type":"Point","coordinates":[-122.707383960988878,45.523875664217101]}},
{"type":"Feature","properties":{"stop_id":8886,"routes":"[ 2  4  8  9 16 17 35 40 44 54 77]","num_routes":11},"geometry":{"type":"Point","coordinates":[-122.675636347697221,45.525187970100077]}},
{"type":"Feature","properties":{"stop_id":8888,"routes":"[44 45]","num_routes":2},"geometry":{"type":"Point","coordinates":[-122.716964625023934,45.467006175151155]}},
{"type":"Feature","properties":{"stop_id":8913,"routes":"[ 15 200]","num_routes":2},"geometry":{"type":"Point","coordinates":[-122.563575492093634,45.513942640276909]}},
{"type":"Feature","properties":{"stop_id":8918,"routes":"[ 15 200]","num_routes":2},"geometry":{"type":"Point","coordinates":[-122.5641090984074,45.51448322105658]}},
{"type":"Feature","properties":{"stop_id":8920,"routes":"[59 62]","num_routes":2},"geometry":{"type":"Point","coordinates":[-122.822847403450822,45.511446795506352]}},
{"type":"Feature","properties":{"stop_id":8924,"routes":"[59 67]","num_routes":2},"geometry":{"type":"Point","coordinates":[-122.839958823374474,45.516741241718357]}},
{"type":"Feature","properties":{"stop_id":8928,"routes":"[59 62]","num_routes":2},"geometry":{"type":"Point","coordinates":[-122.822841469682942,45.51096123365167]}},
{"type":"Feature","properties":{"stop_id":8937,"routes":"[ 70  90 100 200 287 292]","num_routes":6},"geometry":{"type":"Point","coordinates":[-122.654829798175626,45.529955104485786]}},
{"type":"Feature","properties":{"stop_id":8951,"routes":"[44 78]","num_routes":2},"geometry":{"type":"Point","coordinates":[-122.727275864424215,45.439917821002773]}},
{"type":"Feature","properties":{"stop_id":8984,"routes":"[15 24 26 77]","num_routes":4},"geometry":{"type":"Point","coordinates":[-122.699669539944509,45.535540983869488]}},
{"type":"Feature","properties":{"stop_id":8986,"routes":"[15 24 26 77]","num_routes":4},"geometry":{"type":"Point","coordinates":[-122.698900264895684,45.535240309978732]}},
{"type":"Feature","properties":{"stop_id":8989,"routes":"[ 15 193]","num_routes":2},"geometry":{"type":"Point","coordinates":[-122.698702806303132,45.530621062319341]}},
{"type":"Feature","properties":{"stop_id":8991,"routes":"[155 156]","num_routes":2},"geometry":{"type":"Point","coordinates":[-122.55557401394357,45.433521183983579]}},
{"type":"Feature","properties":{"stop_id":9010,"routes":"[48 52]","num_routes":2},"geometry":{"type":"Point","coordinates":[-122.866367874765416,45.534064745872996]}},
{"type":"Feature","properties":{"stop_id":9012,"routes":"[48 52]","num_routes":2},"geometry":{"type":"Point","coordinates":[-122.868298878434061,45.534368737605426]}},
{"type":"Feature","properties":{"stop_id":9014,"routes":"[47 48]","num_routes":2},"geometry":{"type":"Point","coordinates":[-122.878651015931879,45.535093202576945]}},
{"type":"Feature","properties":{"stop_id":9026,"routes":"[96 97]","num_routes":2},"geometry":{"type":"Point","coordinates":[-122.759044777770612,45.381882113005176]}},
{"type":"Feature","properties":{"stop_id":9027,"routes":"[73 77]","num_routes":2},"geometry":{"type":"Point","coordinates":[-122.537524841304332,45.53267319393094]}},
{"type":"Feature","properties":{"stop_id":9033,"routes":"[ 1 39 43]","num_routes":3},"geometry":{"type":"Point","coordinates":[-122.694362057487126,45.472251872926321]}},
{"type":"Feature","properties":{"stop_id":9038,"routes":"[45 62]","num_routes":2},"geometry":{"type":"Point","coordinates":[-122.79402168195351,45.445765528206131]}},
{"type":"Feature","properties":{"stop_id":9047,"routes":"[38 76]","num_routes":2},"geometry":{"type":"Point","coordinates":[-122.749214810360058,45.399215544846697]}},
{"type":"Feature","properties":{"stop_id":9048,"routes":"[38 76]","num_routes":2},"geometry":{"type":"Point","coordinates":[-122.749003801434128,45.398830485630697]}},
{"type":"Feature","properties":{"stop_id":9050,"routes":"[48 67]","num_routes":2},"geometry":{"type":"Point","coordinates":[-122.843933114994456,45.530243721384835]}},
{"type":"Feature","properties":{"stop_id":9056,"routes":"[48 67]","num_routes":2},"geometry":{"type":"Point","coordinates":[-122.843421812352673,45.529627939131657]}},
{"type":"Feature","properties":{"stop_id":9060,"routes":"[ 87 100 287]","num_routes":3},"geometry":{"type":"Point","coordinates":[-122.476495263390945,45.521841614231718]}},
{"type":"Feature","properties":{"stop_id":9061,"routes":"[ 87 100 287]","num_routes":3},"geometry":{"type":"Point","coordinates":[-122.477292071725444,45.521516085892664]}},
{"type":"Feature","properties":{"stop_id":9092,"routes":"[25 81]","num_routes":2},"geometry":{"type":"Point","coordinates":[-122.399165555835879,45.530206988456463]}},
{"type":"Feature","properties":{"stop_id":9094,"routes":"[25 81]","num_routes":2},"geometry":{"type":"Point","coordinates":[-122.399166515283426,45.533402689956112]}},
{"type":"Feature","properties":{"stop_id":9101,"routes":"[25 81]","num_routes":2},"geometry":{"type":"Point","coordinates":[-122.399459965230704,45.533281057820545]}},
{"type":"Feature","properties":{"stop_id":9103,"routes":"[25 81]","num_routes":2},"geometry":{"type":"Point","coordinates":[-122.399485506588491,45.530125503202378]}},
{"type":"Feature","properties":{"stop_id":9119,"routes":"[21 87]","num_routes":2},"geometry":{"type":"Point","coordinates":[-122.554838560207031,45.558541225467721]}},
{"type":"Feature","properties":{"stop_id":9122,"routes":"[ 15  18  24  26  63  90 100 287 288 292]","num_routes":10},"geometry":{"type":"Point","coordinates":[-122.690137667756645,45.521940193775698]}},
{"type":"Feature","properties":{"stop_id":9139,"routes":"[18 20]","num_routes":2},"geometry":{"type":"Point","coordinates":[-122.70991075416481,45.52356369792561]}},
{"type":"Feature","properties":{"stop_id":9145,"routes":"[59 67]","num_routes":2},"geometry":{"type":"Point","coordinates":[-122.840385818721728,45.517124276381793]}},
{"type":"Feature","properties":{"stop_id":9169,"routes":"[45 62]","num_routes":2},"geometry":{"type":"Point","coordinates":[-122.783772242307066,45.45474937049179]}},
{"type":"Feature","properties":{"stop_id":9188,"routes":"[94 97]","num_routes":2},"geometry":{"type":"Point","coordinates":[-122.843744963647708,45.367897160698895]}},
{"type":"Feature","properties":{"stop_id":9189,"routes":"[94 97]","num_routes":2},"geometry":{"type":"Point","coordinates":[-122.846755236000021,45.366399137171996]}},
{"type":"Feature","properties":{"stop_id":9190,"routes":"[94 97]","num_routes":2},"geometry":{"type":"Point","coordinates":[-122.844290298529216,45.367745041187099]}},
{"type":"Feature","properties":{"stop_id":9217,"routes":"[72 77]","num_routes":2},"geometry":{"type":"Point","coordinates":[-122.579223423834392,45.532377462224702]}},
{"type":"Feature","properties":{"stop_id":9219,"routes":"[20 73]","num_routes":2},"geometry":{"type":"Point","coordinates":[-122.537939101142427,45.518390447681313]}},
{"type":"Feature","properties":{"stop_id":9221,"routes":"[45 78]","num_routes":2},"geometry":{"type":"Point","coordinates":[-122.776291826351041,45.453700191032418]}},
{"type":"Feature","properties":{"stop_id":9252,"routes":"[ 67 288]","num_routes":2},"geometry":{"type":"Point","coordinates":[-122.840742171269099,45.507822941494112]}},
{"type":"Feature","properties":{"stop_id":9261,"routes":"[77 81]","num_routes":2},"geometry":{"type":"Point","coordinates":[-122.390752413647107,45.540989066041682]}},
{"type":"Feature","properties":{"stop_id":9263,"routes":"[ 2 86]","num_routes":2},"geometry":{"type":"Point","coordinates":[-122.510194741129638,45.504348730484267]}},
{"type":"Feature","properties":{"stop_id":9299,"routes":"[  2   4   8   9  17  35  40  44  54 190 200 287 288 290 291 292 293]","num_routes":17},"geometry":{"type":"Point","coordinates":[-122.676443579752032,45.524410892431156]}},
{"type":"Feature","properties":{"stop_id":9300,"routes":"[ 2  4  8  9 16 17 35 40 44 54 77]","num_routes":11},"geometry":{"type":"Point","coordinates":[-122.676455609080577,45.525730283612496]}},
{"type":"Feature","properties":{"stop_id":9301,"routes":"[  2   4   8   9  16  17  35  40  44  54  77 190 200 287 288 290 291 292\n 293]","num_routes":19},"geometry":{"type":"Point","coordinates":[-122.675566450203448,45.524710514453659]}},
{"type":"Feature","properties":{"stop_id":9302,"routes":"[  2 190 200 291 293]","num_routes":5},"geometry":{"type":"Point","coordinates":[-122.675644574447745,45.527697165755342]}},
{"type":"Feature","properties":{"stop_id":9303,"routes":"[  2   4   8   9  17  20  35  40  44  54 190 200 287 288 290 291 292 293]","num_routes":18},"geometry":{"type":"Point","coordinates":[-122.675512828914393,45.523890768686343]}},
{"type":"Feature","properties":{"stop_id":9311,"routes":"[  4   8  17  35  40  44  77 287 288 292]","num_routes":10},"geometry":{"type":"Point","coordinates":[-122.674120054527492,45.5268223540495]}},
{"type":"Feature","properties":{"stop_id":9320,"routes":"[43 44]","num_routes":2},"geometry":{"type":"Point","coordinates":[-122.720055522672453,45.454583699732318]}},
{"type":"Feature","properties":{"stop_id":9323,"routes":"[62 88]","num_routes":2},"geometry":{"type":"Point","coordinates":[-122.82630832858753,45.469560168094198]}},
{"type":"Feature","properties":{"stop_id":9342,"routes":"[ 8 17 77]","num_routes":3},"geometry":{"type":"Point","coordinates":[-122.650377569706265,45.533468480245425]}},
{"type":"Feature","properties":{"stop_id":9343,"routes":"[  6   8  77 195]","num_routes":4},"geometry":{"type":"Point","coordinates":[-122.660569757540785,45.531857821045243]}},
{"type":"Feature","properties":{"stop_id":9354,"routes":"[18 20]","num_routes":2},"geometry":{"type":"Point","coordinates":[-122.701003800813467,45.523782255262141]}},
{"type":"Feature","properties":{"stop_id":9362,"routes":"[  8  77  90 100 200 287 292]","num_routes":7},"geometry":{"type":"Point","coordinates":[-122.662831299349733,45.531022186504401]}},
{"type":"Feature","properties":{"stop_id":9399,"routes":"[40 72]","num_routes":2},"geometry":{"type":"Point","coordinates":[-122.698526650054518,45.555969357009644]}},
{"type":"Feature","properties":{"stop_id":9403,"routes":"[35 72]","num_routes":2},"geometry":{"type":"Point","coordinates":[-122.695041280790164,45.562684562638537]}},
{"type":"Feature","properties":{"stop_id":9404,"routes":"[15 18]","num_routes":2},"geometry":{"type":"Point","coordinates":[-122.699416156511035,45.524327516729336]}},
{"type":"Feature","properties":{"stop_id":9418,"routes":"[ 34  40 290 291]","num_routes":4},"geometry":{"type":"Point","coordinates":[-122.638375749181478,45.462905488331174]}},
{"type":"Feature","properties":{"stop_id":9431,"routes":"[44 75]","num_routes":2},"geometry":{"type":"Point","coordinates":[-122.75908738071125,45.594575134968267]}},
{"type":"Feature","properties":{"stop_id":9432,"routes":"[44 75]","num_routes":2},"geometry":{"type":"Point","coordinates":[-122.762287680648427,45.599942232797574]}},
{"type":"Feature","properties":{"stop_id":9435,"routes":"[44 75]","num_routes":2},"geometry":{"type":"Point","coordinates":[-122.759607180234198,45.594933687903321]}},
{"type":"Feature","properties":{"stop_id":9436,"routes":"[44 75]","num_routes":2},"geometry":{"type":"Point","coordinates":[-122.762680125158496,45.600111129268974]}},
{"type":"Feature","properties":{"stop_id":9465,"routes":"[ 62 288]","num_routes":2},"geometry":{"type":"Point","coordinates":[-122.822363172926785,45.49340950880341]}},
{"type":"Feature","properties":{"stop_id":9470,"routes":"[77 81]","num_routes":2},"geometry":{"type":"Point","coordinates":[-122.390374396599057,45.543496533710126]}},
{"type":"Feature","properties":{"stop_id":9471,"routes":"[77 81]","num_routes":2},"geometry":{"type":"Point","coordinates":[-122.390767564753261,45.543223716471246]}},
{"type":"Feature","properties":{"stop_id":9472,"routes":"[77 81]","num_routes":2},"geometry":{"type":"Point","coordinates":[-122.396532697572226,45.545500250056072]}},
{"type":"Feature","properties":{"stop_id":9473,"routes":"[77 81]","num_routes":2},"geometry":{"type":"Point","coordinates":[-122.393428255526899,45.544399085265788]}},
{"type":"Feature","properties":{"stop_id":9477,"routes":"[ 6 11]","num_routes":2},"geometry":{"type":"Point","coordinates":[-122.667555495725665,45.595855809052992]}},
{"type":"Feature","properties":{"stop_id":9478,"routes":"[ 6 11]","num_routes":2},"geometry":{"type":"Point","coordinates":[-122.677093955452165,45.603004733042809]}},
{"type":"Feature","properties":{"stop_id":9481,"routes":"[77 81]","num_routes":2},"geometry":{"type":"Point","coordinates":[-122.398206814151791,45.544292665371017]}},
{"type":"Feature","properties":{"stop_id":9487,"routes":"[17 73]","num_routes":2},"geometry":{"type":"Point","coordinates":[-122.537636414067535,45.487650813105098]}},
{"type":"Feature","properties":{"stop_id":9488,"routes":"[ 8 43 56]","num_routes":3},"geometry":{"type":"Point","coordinates":[-122.688170560327706,45.497360723902666]}},
{"type":"Feature","properties":{"stop_id":9505,"routes":"[ 4 11 44 75]","num_routes":4},"geometry":{"type":"Point","coordinates":[-122.757136613391111,45.592389022670027]}},
{"type":"Feature","properties":{"stop_id":9526,"routes":"[12 19 20]","num_routes":3},"geometry":{"type":"Point","coordinates":[-122.672543626314635,45.5230142657066]}},
{"type":"Feature","properties":{"stop_id":9545,"routes":"[ 35  37  78 153]","num_routes":4},"geometry":{"type":"Point","coordinates":[-122.668119892681091,45.42106573223225]}},
{"type":"Feature","properties":{"stop_id":9548,"routes":"[12 24]","num_routes":2},"geometry":{"type":"Point","coordinates":[-122.589712733005172,45.548175132580461]}},
{"type":"Feature","properties":{"stop_id":9553,"routes":"[18 24 26 51 63]","num_routes":5},"geometry":{"type":"Point","coordinates":[-122.691413189622551,45.520386443377717]}},
{"type":"Feature","properties":{"stop_id":9564,"routes":"[ 48 288]","num_routes":2},"geometry":{"type":"Point","coordinates":[-122.93449571709094,45.533619230867984]}},
{"type":"Feature","properties":{"stop_id":9565,"routes":"[38 76]","num_routes":2},"geometry":{"type":"Point","coordinates":[-122.749409858032408,45.398913709490159]}},
{"type":"Feature","properties":{"stop_id":9575,"routes":"[44 75]","num_routes":2},"geometry":{"type":"Point","coordinates":[-122.761448057774516,45.598168776134962]}},
{"type":"Feature","properties":{"stop_id":9576,"routes":"[44 75]","num_routes":2},"geometry":{"type":"Point","coordinates":[-122.761172963977685,45.598034135823305]}},
{"type":"Feature","properties":{"stop_id":9598,"routes":"[15 63]","num_routes":2},"geometry":{"type":"Point","coordinates":[-122.683947391956508,45.520555130113941]}},
{"type":"Feature","properties":{"stop_id":9599,"routes":"[ 15  18  20  24  26  63  90 100 287 288 292]","num_routes":11},"geometry":{"type":"Point","coordinates":[-122.689491666818867,45.522046036229668]}},
{"type":"Feature","properties":{"stop_id":9600,"routes":"[ 15 193 195 287 288 292]","num_routes":6},"geometry":{"type":"Point","coordinates":[-122.682833335133225,45.521099486404786]}},
{"type":"Feature","properties":{"stop_id":9610,"routes":"[ 47  52  59  88  90 100 288]","num_routes":7},"geometry":{"type":"Point","coordinates":[-122.870032091128678,45.517314101869125]}},
{"type":"Feature","properties":{"stop_id":9621,"routes":"[ 47  52  59  88  90 100 288]","num_routes":7},"geometry":{"type":"Point","coordinates":[-122.870314792673071,45.517405268887352]}},
{"type":"Feature","properties":{"stop_id":9624,"routes":"[ 20  48  59  62  90 100 288]","num_routes":7},"geometry":{"type":"Point","coordinates":[-122.781313541691617,45.510393516243717]}},
{"type":"Feature","properties":{"stop_id":9625,"routes":"[ 20  48  59  62  90 100 288]","num_routes":7},"geometry":{"type":"Point","coordinates":[-122.781952908261133,45.510154949829236]}},
{"type":"Feature","properties":{"stop_id":9627,"routes":"[20 48 62]","num_routes":3},"geometry":{"type":"Point","coordinates":[-122.789738973107475,45.51522560910233]}},
{"type":"Feature","properties":{"stop_id":9628,"routes":"[20 48 62]","num_routes":3},"geometry":{"type":"Point","coordinates":[-122.789705565534021,45.515544614891155]}},
{"type":"Feature","properties":{"stop_id":9633,"routes":"[193 195]","num_routes":2},"geometry":{"type":"Point","coordinates":[-122.683887741513885,45.519064442239525]}},
{"type":"Feature","properties":{"stop_id":9635,"routes":"[35 44]","num_routes":2},"geometry":{"type":"Point","coordinates":[-122.728767135994886,45.576355985898999]}},
{"type":"Feature","properties":{"stop_id":9636,"routes":"[21 25]","num_routes":2},"geometry":{"type":"Point","coordinates":[-122.433806563352192,45.527174144246274]}},
{"type":"Feature","properties":{"stop_id":9650,"routes":"[45 56 62 76 78]","num_routes":5},"geometry":{"type":"Point","coordinates":[-122.778824616413132,45.452705313906563]}},
{"type":"Feature","properties":{"stop_id":9652,"routes":"[45 56 62 76 78]","num_routes":5},"geometry":{"type":"Point","coordinates":[-122.778799119915718,45.452450970937996]}},
{"type":"Feature","properties":{"stop_id":9663,"routes":"[62 88]","num_routes":2},"geometry":{"type":"Point","coordinates":[-122.827068920721445,45.46573004322034]}},
{"type":"Feature","properties":{"stop_id":9674,"routes":"[52 88]","num_routes":2},"geometry":{"type":"Point","coordinates":[-122.867009821139604,45.475652605354647]}},
{"type":"Feature","properties":{"stop_id":9687,"routes":"[53 78 88]","num_routes":3},"geometry":{"type":"Point","coordinates":[-122.799225037328881,45.476444309771018]}},
{"type":"Feature","properties":{"stop_id":9756,"routes":"[12 75]","num_routes":2},"geometry":{"type":"Point","coordinates":[-122.620228321823674,45.536059219361796]}},
{"type":"Feature","properties":{"stop_id":9757,"routes":"[ 15  18  24  26  63  90 100 287 288 292]","num_routes":10},"geometry":{"type":"Point","coordinates":[-122.689830330517125,45.521838610342954]}},
{"type":"Feature","properties":{"stop_id":9758,"routes":"[ 15  18  24  26  63  90 100 287 288 292]","num_routes":10},"geometry":{"type":"Point","coordinates":[-122.689900865697922,45.521327003020701]}},
{"type":"Feature","properties":{"stop_id":9764,"routes":"[54 55]","num_routes":2},"geometry":{"type":"Point","coordinates":[-122.761001832221069,45.48644426240778]}},
{"type":"Feature","properties":{"stop_id":9766,"routes":"[21 25]","num_routes":2},"geometry":{"type":"Point","coordinates":[-122.433434415536013,45.527636322014374]}},
{"type":"Feature","properties":{"stop_id":9793,"routes":"[48 67]","num_routes":2},"geometry":{"type":"Point","coordinates":[-122.840131758489704,45.529823501973951]}},
{"type":"Feature","properties":{"stop_id":9818,"routes":"[ 20  52  54  57  58  76  78  88  90 100 203 288]","num_routes":12},"geometry":{"type":"Point","coordinates":[-122.801737633295474,45.491340556487707]}},
{"type":"Feature","properties":{"stop_id":9819,"routes":"[ 90 100]","num_routes":2},"geometry":{"type":"Point","coordinates":[-122.833339893823691,45.5005947647334]}},
{"type":"Feature","properties":{"stop_id":9821,"routes":"[ 20  52  54  57  58  76  78  88  90 100 288]","num_routes":11},"geometry":{"type":"Point","coordinates":[-122.801214870634993,45.491706548670727]}},
{"type":"Feature","properties":{"stop_id":9822,"routes":"[ 90 100]","num_routes":2},"geometry":{"type":"Point","coordinates":[-122.832799866336799,45.500259205435675]}},
{"type":"Feature","properties":{"stop_id":9823,"routes":"[ 90 100 288]","num_routes":3},"geometry":{"type":"Point","coordinates":[-122.807455819092027,45.490430455712016]}},
{"type":"Feature","properties":{"stop_id":9824,"routes":"[ 90 100]","num_routes":2},"geometry":{"type":"Point","coordinates":[-122.806780603862137,45.490506606996114]}},
{"type":"Feature","properties":{"stop_id":9825,"routes":"[ 53  62  90 100]","num_routes":4},"geometry":{"type":"Point","coordinates":[-122.82182036965655,45.495426627905324]}},
{"type":"Feature","properties":{"stop_id":9826,"routes":"[ 53  62  90 100]","num_routes":4},"geometry":{"type":"Point","coordinates":[-122.821252600124396,45.495112809347425]}},
{"type":"Feature","properties":{"stop_id":9827,"routes":"[ 67  90 100 288]","num_routes":4},"geometry":{"type":"Point","coordinates":[-122.842438025141718,45.50540438772029]}},
{"type":"Feature","properties":{"stop_id":9828,"routes":"[ 67  90 100 288]","num_routes":4},"geometry":{"type":"Point","coordinates":[-122.841886305261923,45.505068300511489]}},
{"type":"Feature","properties":{"stop_id":9829,"routes":"[ 90 100]","num_routes":2},"geometry":{"type":"Point","coordinates":[-122.851746659792965,45.510144160945075]}},
{"type":"Feature","properties":{"stop_id":9830,"routes":"[ 90 100]","num_routes":2},"geometry":{"type":"Point","coordinates":[-122.851207548384195,45.509788010867489]}},
{"type":"Feature","properties":{"stop_id":9831,"routes":"[ 47  52  59  88  90 100 288]","num_routes":7},"geometry":{"type":"Point","coordinates":[-122.869888389790944,45.517128251217756]}},
{"type":"Feature","properties":{"stop_id":9832,"routes":"[ 47  52  59  88  90 100 288]","num_routes":7},"geometry":{"type":"Point","coordinates":[-122.870532382397769,45.517386024039276]}},
{"type":"Feature","properties":{"stop_id":9833,"routes":"[ 90 100]","num_routes":2},"geometry":{"type":"Point","coordinates":[-122.889145834339203,45.523330353030779]}},
{"type":"Feature","properties":{"stop_id":9834,"routes":"[ 90 100 288]","num_routes":3},"geometry":{"type":"Point","coordinates":[-122.888525699596954,45.523087420283865]}},
{"type":"Feature","properties":{"stop_id":9835,"routes":"[ 47  90 100]","num_routes":3},"geometry":{"type":"Point","coordinates":[-122.915481607039737,45.530268279210276]}},
{"type":"Feature","properties":{"stop_id":9836,"routes":"[ 47  90 100]","num_routes":3},"geometry":{"type":"Point","coordinates":[-122.916212890144564,45.530309539582845]}},
{"type":"Feature","properties":{"stop_id":9837,"routes":"[ 46  90 100]","num_routes":3},"geometry":{"type":"Point","coordinates":[-122.946513616955798,45.526929121367381]}},
{"type":"Feature","properties":{"stop_id":9838,"routes":"[ 46  90 100]","num_routes":3},"geometry":{"type":"Point","coordinates":[-122.94582276285783,45.527046962676877]}},
{"type":"Feature","properties":{"stop_id":9839,"routes":"[ 90 100]","num_routes":2},"geometry":{"type":"Point","coordinates":[-122.930394914762587,45.530023271994516]}},
{"type":"Feature","properties":{"stop_id":9840,"routes":"[ 90 100]","num_routes":2},"geometry":{"type":"Point","coordinates":[-122.931134276582526,45.529931930632074]}},
{"type":"Feature","properties":{"stop_id":9841,"routes":"[ 47 100 288]","num_routes":3},"geometry":{"type":"Point","coordinates":[-122.969166527073327,45.521113503433149]}},
{"type":"Feature","properties":{"stop_id":9842,"routes":"[ 47 100 288]","num_routes":3},"geometry":{"type":"Point","coordinates":[-122.969881698453648,45.521242760937348]}},
{"type":"Feature","properties":{"stop_id":9843,"routes":"[100 288]","num_routes":2},"geometry":{"type":"Point","coordinates":[-122.978031356181887,45.521293581356474]}},
{"type":"Feature","properties":{"stop_id":9845,"routes":"[ 46  47  48  57 100 288]","num_routes":6},"geometry":{"type":"Point","coordinates":[-122.985667022441106,45.521436683905648]}},
{"type":"Feature","properties":{"stop_id":9846,"routes":"[ 46  47  48  57 100 288]","num_routes":6},"geometry":{"type":"Point","coordinates":[-122.984940418612211,45.521362765780481]}},
{"type":"Feature","properties":{"stop_id":9848,"routes":"[100 288]","num_routes":2},"geometry":{"type":"Point","coordinates":[-122.991036721340492,45.522209160255777]}},
{"type":"Feature","properties":{"stop_id":9860,"routes":"[15 18 20]","num_routes":3},"geometry":{"type":"Point","coordinates":[-122.689706328007787,45.522928213634124]}},
{"type":"Feature","properties":{"stop_id":9864,"routes":"[47 52 59]","num_routes":3},"geometry":{"type":"Point","coordinates":[-122.868089450824513,45.528095964561821]}},
{"type":"Feature","properties":{"stop_id":9869,"routes":"[ 47  52  59  88  90 100 288]","num_routes":7},"geometry":{"type":"Point","coordinates":[-122.869882634028642,45.517263032412338]}},
{"type":"Feature","properties":{"stop_id":9870,"routes":"[ 47  52  59  88  90 100 288]","num_routes":7},"geometry":{"type":"Point","coordinates":[-122.87045693413566,45.517430246526352]}},
{"type":"Feature","properties":{"stop_id":9871,"routes":"[ 47  52  59  88  90 100 288]","num_routes":7},"geometry":{"type":"Point","coordinates":[-122.8697925913809,45.517356282413687]}},
{"type":"Feature","properties":{"stop_id":9922,"routes":"[ 67  90 100 288]","num_routes":4},"geometry":{"type":"Point","coordinates":[-122.842319692592554,45.505757961169905]}},
{"type":"Feature","properties":{"stop_id":9923,"routes":"[ 47  90 100]","num_routes":3},"geometry":{"type":"Point","coordinates":[-122.916221941348695,45.530400678329968]}},
{"type":"Feature","properties":{"stop_id":9953,"routes":"[ 46  90 100]","num_routes":3},"geometry":{"type":"Point","coordinates":[-122.945894153956459,45.52720349984196]}},
{"type":"Feature","properties":{"stop_id":9954,"routes":"[ 46  47  48  57 100 288]","num_routes":6},"geometry":{"type":"Point","coordinates":[-122.984859821681709,45.521501581565069]}},
{"type":"Feature","properties":{"stop_id":9955,"routes":"[ 46  47  48  57 100 288]","num_routes":6},"geometry":{"type":"Point","coordinates":[-122.985454400418703,45.52151092463825]}},
{"type":"Feature","properties":{"stop_id":9956,"routes":"[ 46  47  48  57 100 288]","num_routes":6},"geometry":{"type":"Point","coordinates":[-122.985756638719394,45.521513073469947]}},
{"type":"Feature","properties":{"stop_id":9957,"routes":"[ 53  62  90 100]","num_routes":4},"geometry":{"type":"Point","coordinates":[-122.821689567593324,45.495161519415035]}},
{"type":"Feature","properties":{"stop_id":9958,"routes":"[ 53  62  90 100]","num_routes":4},"geometry":{"type":"Point","coordinates":[-122.821448161552297,45.495071325949915]}},
{"type":"Feature","properties":{"stop_id":9962,"routes":"[46 48]","num_routes":2},"geometry":{"type":"Point","coordinates":[-122.946534563497721,45.531500840405776]}},
{"type":"Feature","properties":{"stop_id":9969,"routes":"[ 20  48  59  62  90 100 288]","num_routes":7},"geometry":{"type":"Point","coordinates":[-122.780771199004519,45.510108155313652]}},
{"type":"Feature","properties":{"stop_id":9970,"routes":"[ 20  48  59  62  90 100 288]","num_routes":7},"geometry":{"type":"Point","coordinates":[-122.781757415755749,45.51007890876545]}},
{"type":"Feature","properties":{"stop_id":9971,"routes":"[ 20  48  59  62  90 100 288]","num_routes":7},"geometry":{"type":"Point","coordinates":[-122.781098704132475,45.509908509583454]}},
{"type":"Feature","properties":{"stop_id":9982,"routes":"[ 20  52  54  57  58  76  78  88  90 100 203 288]","num_routes":12},"geometry":{"type":"Point","coordinates":[-122.801599281431436,45.491085807207178]}},
{"type":"Feature","properties":{"stop_id":9985,"routes":"[ 20  52  54  57  58  76  78  88  90 100 203 288]","num_routes":12},"geometry":{"type":"Point","coordinates":[-122.801322597523466,45.491395342894513]}},
{"type":"Feature","properties":{"stop_id":10006,"routes":"[20 21]","num_routes":2},"geometry":{"type":"Point","coordinates":[-122.433943534402502,45.51870947034314]}},
{"type":"Feature","properties":{"stop_id":10026,"routes":"[46 48]","num_routes":2},"geometry":{"type":"Point","coordinates":[-122.956138792367071,45.530565132065519]}},
{"type":"Feature","properties":{"stop_id":10028,"routes":"[ 48 288]","num_routes":2},"geometry":{"type":"Point","coordinates":[-122.934134027529581,45.533450493482668]}},
{"type":"Feature","properties":{"stop_id":10032,"routes":"[47 48]","num_routes":2},"geometry":{"type":"Point","coordinates":[-122.877203085929352,45.534292690906668]}},
{"type":"Feature","properties":{"stop_id":10033,"routes":"[ 47  90 100]","num_routes":3},"geometry":{"type":"Point","coordinates":[-122.914597773177135,45.530121040123525]}},
{"type":"Feature","properties":{"stop_id":10042,"routes":"[ 47  90 100]","num_routes":3},"geometry":{"type":"Point","coordinates":[-122.914867407549352,45.530499492381658]}},
{"type":"Feature","properties":{"stop_id":10084,"routes":"[48 67]","num_routes":2},"geometry":{"type":"Point","coordinates":[-122.842646096368895,45.530274935527345]}},
{"type":"Feature","properties":{"stop_id":10095,"routes":"[44 75]","num_routes":2},"geometry":{"type":"Point","coordinates":[-122.762358292528603,45.602119086138764]}},
{"type":"Feature","properties":{"stop_id":10115,"routes":"[48 67]","num_routes":2},"geometry":{"type":"Point","coordinates":[-122.843002504573221,45.530557716018578]}},
{"type":"Feature","properties":{"stop_id":10117,"routes":"[ 58  90 100 288]","num_routes":4},"geometry":{"type":"Point","coordinates":[-122.694103841150934,45.518241149232338]}},
{"type":"Feature","properties":{"stop_id":10118,"routes":"[  6  24  51  58  90 100 287 288 292]","num_routes":9},"geometry":{"type":"Point","coordinates":[-122.693558025980096,45.517994892159344]}},
{"type":"Feature","properties":{"stop_id":10120,"routes":"[ 63  90 100 288]","num_routes":4},"geometry":{"type":"Point","coordinates":[-122.716354263870016,45.51066266621109]}},
{"type":"Feature","properties":{"stop_id":10121,"routes":"[ 63  90 100 288]","num_routes":4},"geometry":{"type":"Point","coordinates":[-122.717258824001036,45.510670870307763]}},
{"type":"Feature","properties":{"stop_id":10166,"routes":"[52 88]","num_routes":2},"geometry":{"type":"Point","coordinates":[-122.866881095515268,45.475485447077759]}},
{"type":"Feature","properties":{"stop_id":10168,"routes":"[  6  24  51  58  90 100 287 288 292]","num_routes":9},"geometry":{"type":"Point","coordinates":[-122.692785943160843,45.517477701895238]}},
{"type":"Feature","properties":{"stop_id":10176,"routes":"[ 8 43 56]","num_routes":3},"geometry":{"type":"Point","coordinates":[-122.685915441795032,45.497882413854796]}},
{"type":"Feature","properties":{"stop_id":10177,"routes":"[ 4 11 16 44 75]","num_routes":5},"geometry":{"type":"Point","coordinates":[-122.754802073271492,45.589490513300277]}},
{"type":"Feature","properties":{"stop_id":10180,"routes":"[ 12  43  45  76  78  94 203]","num_routes":7},"geometry":{"type":"Point","coordinates":[-122.768954669127012,45.430258146581657]}},
{"type":"Feature","properties":{"stop_id":10196,"routes":"[14 17]","num_routes":2},"geometry":{"type":"Point","coordinates":[-122.597701407245424,45.489935818402913]}},
{"type":"Feature","properties":{"stop_id":10293,"routes":"[190 200 290]","num_routes":3},"geometry":{"type":"Point","coordinates":[-122.683607469524134,45.509621379707291]}},
{"type":"Feature","properties":{"stop_id":10299,"routes":"[ 63  90 100 288]","num_routes":4},"geometry":{"type":"Point","coordinates":[-122.717314429765338,45.51048871800451]}},
{"type":"Feature","properties":{"stop_id":10302,"routes":"[40 70]","num_routes":2},"geometry":{"type":"Point","coordinates":[-122.646951530423181,45.464956516280978]}},
{"type":"Feature","properties":{"stop_id":10305,"routes":"[38 78]","num_routes":2},"geometry":{"type":"Point","coordinates":[-122.714753091326131,45.428135063908279]}},
{"type":"Feature","properties":{"stop_id":10307,"routes":"[ 19 200]","num_routes":2},"geometry":{"type":"Point","coordinates":[-122.567230578545264,45.468470481380542]}},
{"type":"Feature","properties":{"stop_id":10315,"routes":"[21 87]","num_routes":2},"geometry":{"type":"Point","coordinates":[-122.47658414876571,45.545829033040782]}},
{"type":"Feature","properties":{"stop_id":10318,"routes":"[21 87]","num_routes":2},"geometry":{"type":"Point","coordinates":[-122.477907938004947,45.546181218684694]}},
{"type":"Feature","properties":{"stop_id":10323,"routes":"[33 34]","num_routes":2},"geometry":{"type":"Point","coordinates":[-122.608075699264688,45.384699705166284]}},
{"type":"Feature","properties":{"stop_id":10325,"routes":"[31 32 33 34]","num_routes":4},"geometry":{"type":"Point","coordinates":[-122.602016208624889,45.375865790607193]}},
{"type":"Feature","properties":{"stop_id":10326,"routes":"[33 34]","num_routes":2},"geometry":{"type":"Point","coordinates":[-122.60842154093902,45.385632884176601]}},
{"type":"Feature","properties":{"stop_id":10328,"routes":"[31 32 33 34]","num_routes":4},"geometry":{"type":"Point","coordinates":[-122.601769173200339,45.37623195968623]}},
{"type":"Feature","properties":{"stop_id":10425,"routes":"[ 8 17 77]","num_routes":3},"geometry":{"type":"Point","coordinates":[-122.650696506849357,45.534260989260872]}},
{"type":"Feature","properties":{"stop_id":10443,"routes":"[52 88]","num_routes":2},"geometry":{"type":"Point","coordinates":[-122.851674017561947,45.48114625735812]}},
{"type":"Feature","properties":{"stop_id":10446,"routes":"[29 30 31 79]","num_routes":4},"geometry":{"type":"Point","coordinates":[-122.579343314427931,45.430338022362754]}},
{"type":"Feature","properties":{"stop_id":10447,"routes":"[31 32 33 34 35 76 79]","num_routes":7},"geometry":{"type":"Point","coordinates":[-122.604299753537333,45.360151700964494]}},
{"type":"Feature","properties":{"stop_id":10464,"routes":"[52 88]","num_routes":2},"geometry":{"type":"Point","coordinates":[-122.867826442656309,45.515533624561577]}},
{"type":"Feature","properties":{"stop_id":10472,"routes":"[  9  17  19  70 291]","num_routes":5},"geometry":{"type":"Point","coordinates":[-122.654349903327457,45.500668182193515]}},
{"type":"Feature","properties":{"stop_id":10481,"routes":"[19 71]","num_routes":2},"geometry":{"type":"Point","coordinates":[-122.608828592634126,45.479396193114006]}},
{"type":"Feature","properties":{"stop_id":10484,"routes":"[19 71]","num_routes":2},"geometry":{"type":"Point","coordinates":[-122.609624030603143,45.479094740353219]}},
{"type":"Feature","properties":{"stop_id":10491,"routes":"[ 1  2  8  9 12 17 19 35 40 44 54]","num_routes":11},"geometry":{"type":"Point","coordinates":[-122.682300619091421,45.510282695914213]}},
{"type":"Feature","properties":{"stop_id":10494,"routes":"[ 6  8 75]","num_routes":3},"geometry":{"type":"Point","coordinates":[-122.661491501039464,45.574663161496254]}},
{"type":"Feature","properties":{"stop_id":10572,"routes":"[ 12  21  87  90 292]","num_routes":5},"geometry":{"type":"Point","coordinates":[-122.565393980518579,45.559206243807132]}},
{"type":"Feature","properties":{"stop_id":10573,"routes":"[12 21 71 73 87 90]","num_routes":6},"geometry":{"type":"Point","coordinates":[-122.565875115349613,45.558834730764048]}},
{"type":"Feature","properties":{"stop_id":10576,"routes":"[ 90 292]","num_routes":2},"geometry":{"type":"Point","coordinates":[-122.567165853479381,45.577367350166369]}},
{"type":"Feature","properties":{"stop_id":10577,"routes":"[ 90 292]","num_routes":2},"geometry":{"type":"Point","coordinates":[-122.567155246280578,45.576866556880113]}},
{"type":"Feature","properties":{"stop_id":10579,"routes":"[ 90 292]","num_routes":2},"geometry":{"type":"Point","coordinates":[-122.593114753367587,45.587589650188129]}},
{"type":"Feature","properties":{"stop_id":10611,"routes":"[ 4 35]","num_routes":2},"geometry":{"type":"Point","coordinates":[-122.707673674906005,45.584110369665837]}},
{"type":"Feature","properties":{"stop_id":10612,"routes":"[43 56]","num_routes":2},"geometry":{"type":"Point","coordinates":[-122.686534952439246,45.497031231452304]}},
{"type":"Feature","properties":{"stop_id":10614,"routes":"[ 4 11]","num_routes":2},"geometry":{"type":"Point","coordinates":[-122.741395725028141,45.594861098007357]}},
{"type":"Feature","properties":{"stop_id":10654,"routes":"[ 9 81 82 84]","num_routes":4},"geometry":{"type":"Point","coordinates":[-122.427936774481935,45.500918136863788]}},
{"type":"Feature","properties":{"stop_id":10657,"routes":"[ 9 81 82 84]","num_routes":4},"geometry":{"type":"Point","coordinates":[-122.427639346995278,45.498873708195525]}},
{"type":"Feature","properties":{"stop_id":10697,"routes":"[44 75]","num_routes":2},"geometry":{"type":"Point","coordinates":[-122.762449750339428,45.602158287475554]}},
{"type":"Feature","properties":{"stop_id":10700,"routes":"[31 32]","num_routes":2},"geometry":{"type":"Point","coordinates":[-122.583921821333348,45.384314143609089]}},
{"type":"Feature","properties":{"stop_id":10713,"routes":"[ 96 193 195]","num_routes":3},"geometry":{"type":"Point","coordinates":[-122.675994429393342,45.508092695937968]}},
{"type":"Feature","properties":{"stop_id":10720,"routes":"[74 87]","num_routes":2},"geometry":{"type":"Point","coordinates":[-122.495508241146439,45.556464957663593]}},
{"type":"Feature","properties":{"stop_id":10721,"routes":"[21 87]","num_routes":2},"geometry":{"type":"Point","coordinates":[-122.477317800989582,45.546319700392736]}},
{"type":"Feature","properties":{"stop_id":10723,"routes":"[21 87]","num_routes":2},"geometry":{"type":"Point","coordinates":[-122.477083787887068,45.545694471526119]}},
{"type":"Feature","properties":{"stop_id":10724,"routes":"[74 87]","num_routes":2},"geometry":{"type":"Point","coordinates":[-122.494573282026053,45.556500485747307]}},
{"type":"Feature","properties":{"stop_id":10726,"routes":"[86 87]","num_routes":2},"geometry":{"type":"Point","coordinates":[-122.509894913791243,45.559661795274621]}},
{"type":"Feature","properties":{"stop_id":10746,"routes":"[22 24 77 87]","num_routes":4},"geometry":{"type":"Point","coordinates":[-122.557007739114866,45.534217247345609]}},
{"type":"Feature","properties":{"stop_id":10747,"routes":"[22 23 24 77 87]","num_routes":5},"geometry":{"type":"Point","coordinates":[-122.558558893797851,45.533488967635435]}},
{"type":"Feature","properties":{"stop_id":10751,"routes":"[ 24  26 193]","num_routes":3},"geometry":{"type":"Point","coordinates":[-122.689601578095605,45.52993476769413]}},
{"type":"Feature","properties":{"stop_id":10752,"routes":"[193 194]","num_routes":2},"geometry":{"type":"Point","coordinates":[-122.684625845193068,45.530002784047518]}},
{"type":"Feature","properties":{"stop_id":10753,"routes":"[193 194 195]","num_routes":3},"geometry":{"type":"Point","coordinates":[-122.68238842620687,45.528751050217913]}},
{"type":"Feature","properties":{"stop_id":10754,"routes":"[ 77 193 194 195]","num_routes":4},"geometry":{"type":"Point","coordinates":[-122.682311441379312,45.526613966764081]}},
{"type":"Feature","properties":{"stop_id":10756,"routes":"[193 194 195]","num_routes":3},"geometry":{"type":"Point","coordinates":[-122.682237541411439,45.523789321480535]}},
{"type":"Feature","properties":{"stop_id":10758,"routes":"[77 81]","num_routes":2},"geometry":{"type":"Point","coordinates":[-122.390874264436121,45.54521368821505]}},
{"type":"Feature","properties":{"stop_id":10759,"routes":"[193 195]","num_routes":2},"geometry":{"type":"Point","coordinates":[-122.68531543713452,45.516407945177697]}},
{"type":"Feature","properties":{"stop_id":10760,"routes":"[193 195]","num_routes":2},"geometry":{"type":"Point","coordinates":[-122.686095585493604,45.515111435587379]}},
{"type":"Feature","properties":{"stop_id":10762,"routes":"[  1   8   9  12  17  19  35  40  44  54 193 195]","num_routes":12},"geometry":{"type":"Point","coordinates":[-122.681056317250849,45.512927503555829]}},
{"type":"Feature","properties":{"stop_id":10763,"routes":"[  8   9  17  19  44 190 193 194 195 200 290 291 293]","num_routes":13},"geometry":{"type":"Point","coordinates":[-122.681329028578745,45.511713596746972]}},
{"type":"Feature","properties":{"stop_id":10764,"routes":"[  1   8   9  12  17  19  44 190 193 194 195 200 290 291 293]","num_routes":15},"geometry":{"type":"Point","coordinates":[-122.68209281241927,45.512225690039067]}},
{"type":"Feature","properties":{"stop_id":10765,"routes":"[193 194]","num_routes":2},"geometry":{"type":"Point","coordinates":[-122.684994228759336,45.514554005987605]}},
{"type":"Feature","properties":{"stop_id":10766,"routes":"[193 194 195]","num_routes":3},"geometry":{"type":"Point","coordinates":[-122.684567557818269,45.513059611351125]}},
{"type":"Feature","properties":{"stop_id":10767,"routes":"[ 90 100 193 194 287 288 292]","num_routes":7},"geometry":{"type":"Point","coordinates":[-122.682457602684494,45.519212170056264]}},
{"type":"Feature","properties":{"stop_id":10768,"routes":"[ 15  90 100 193 194 287 288 292]","num_routes":8},"geometry":{"type":"Point","coordinates":[-122.681738240335591,45.52057271563659]}},
{"type":"Feature","properties":{"stop_id":10770,"routes":"[ 20 193 194 195]","num_routes":4},"geometry":{"type":"Point","coordinates":[-122.68109737078376,45.523598534380078]}},
{"type":"Feature","properties":{"stop_id":10772,"routes":"[ 77 193 194 195]","num_routes":4},"geometry":{"type":"Point","coordinates":[-122.681194796945974,45.526451021173955]}},
{"type":"Feature","properties":{"stop_id":10773,"routes":"[193 194 195]","num_routes":3},"geometry":{"type":"Point","coordinates":[-122.681264343316215,45.528577632146032]}},
{"type":"Feature","properties":{"stop_id":10777,"routes":"[ 77 193]","num_routes":2},"geometry":{"type":"Point","coordinates":[-122.694469231555161,45.531351489751671]}},
{"type":"Feature","properties":{"stop_id":10779,"routes":"[21 87]","num_routes":2},"geometry":{"type":"Point","coordinates":[-122.554937712957624,45.558784471361825]}},
{"type":"Feature","properties":{"stop_id":10790,"routes":"[21 23 86]","num_routes":3},"geometry":{"type":"Point","coordinates":[-122.510520095230547,45.552345504940718]}},
{"type":"Feature","properties":{"stop_id":10791,"routes":"[ 20 193 194]","num_routes":3},"geometry":{"type":"Point","coordinates":[-122.681449842433139,45.523042556700624]}},
{"type":"Feature","properties":{"stop_id":10792,"routes":"[ 20 193 194]","num_routes":3},"geometry":{"type":"Point","coordinates":[-122.681308066583114,45.52291472562419]}},
{"type":"Feature","properties":{"stop_id":10793,"routes":"[12 75 77]","num_routes":3},"geometry":{"type":"Point","coordinates":[-122.623843303106639,45.534374722913064]}},
{"type":"Feature","properties":{"stop_id":10820,"routes":"[12 71]","num_routes":2},"geometry":{"type":"Point","coordinates":[-122.57123041972018,45.555903051710857]}},
{"type":"Feature","properties":{"stop_id":10822,"routes":"[21 23 86]","num_routes":3},"geometry":{"type":"Point","coordinates":[-122.510059537341832,45.552448329361184]}},
{"type":"Feature","properties":{"stop_id":10840,"routes":"[22 87]","num_routes":2},"geometry":{"type":"Point","coordinates":[-122.557982366406989,45.552078862511607]}},
{"type":"Feature","properties":{"stop_id":10844,"routes":"[12 43]","num_routes":2},"geometry":{"type":"Point","coordinates":[-122.701313906970839,45.46375739702227]}},
{"type":"Feature","properties":{"stop_id":10846,"routes":"[ 72  77  90 100 200 287 292]","num_routes":7},"geometry":{"type":"Point","coordinates":[-122.578786479434896,45.534039746536166]}},
{"type":"Feature","properties":{"stop_id":10848,"routes":"[ 1 12 39 43 51]","num_routes":5},"geometry":{"type":"Point","coordinates":[-122.68859287409478,45.470627873109052]}},
{"type":"Feature","properties":{"stop_id":10850,"routes":"[ 12  21  71  73  87  90 292]","num_routes":7},"geometry":{"type":"Point","coordinates":[-122.565318736967896,45.558290785861573]}},
{"type":"Feature","properties":{"stop_id":10853,"routes":"[ 12  21  71  73  87  90 292]","num_routes":7},"geometry":{"type":"Point","coordinates":[-122.564968311252983,45.558373129392294]}},
{"type":"Feature","properties":{"stop_id":10856,"routes":"[ 12  21  71  73  87  90 292]","num_routes":7},"geometry":{"type":"Point","coordinates":[-122.564521221554131,45.558744957187777]}},
{"type":"Feature","properties":{"stop_id":10857,"routes":"[  2   9  20  21  81  82  84 100 287]","num_routes":9},"geometry":{"type":"Point","coordinates":[-122.427122788369161,45.502725468321906]}},
{"type":"Feature","properties":{"stop_id":10858,"routes":"[  2   9  20  21  81  82  84 100 287]","num_routes":9},"geometry":{"type":"Point","coordinates":[-122.426604266842361,45.50287548551313]}},
{"type":"Feature","properties":{"stop_id":10859,"routes":"[  2   9  20  21  81  82  84 100 287]","num_routes":9},"geometry":{"type":"Point","coordinates":[-122.426854533563187,45.50301399230537]}},
{"type":"Feature","properties":{"stop_id":10864,"routes":"[ 15  19  22  23  24  25  87  90 100 200 287 292]","num_routes":12},"geometry":{"type":"Point","coordinates":[-122.563191287828886,45.529905080442759]}},
{"type":"Feature","properties":{"stop_id":10865,"routes":"[44 45]","num_routes":2},"geometry":{"type":"Point","coordinates":[-122.714201135897312,45.467834051027452]}},
{"type":"Feature","properties":{"stop_id":10876,"routes":"[  8  77 287 292]","num_routes":4},"geometry":{"type":"Point","coordinates":[-122.657089651698342,45.531581723046024]}},
{"type":"Feature","properties":{"stop_id":10877,"routes":"[ 15  20 100 287]","num_routes":4},"geometry":{"type":"Point","coordinates":[-122.559304754916511,45.522774668855789]}},
{"type":"Feature","properties":{"stop_id":10878,"routes":"[20 25 81]","num_routes":3},"geometry":{"type":"Point","coordinates":[-122.398622629364866,45.515943224184007]}},
{"type":"Feature","properties":{"stop_id":10879,"routes":"[20 25 81]","num_routes":3},"geometry":{"type":"Point","coordinates":[-122.398311367826125,45.5160261051359]}},
{"type":"Feature","properties":{"stop_id":10910,"routes":"[15 20]","num_routes":2},"geometry":{"type":"Point","coordinates":[-122.557721231397721,45.519531087105619]}},
{"type":"Feature","properties":{"stop_id":10933,"routes":"[44 45]","num_routes":2},"geometry":{"type":"Point","coordinates":[-122.71669134930363,45.46666398129252]}},
{"type":"Feature","properties":{"stop_id":10935,"routes":"[43 44]","num_routes":2},"geometry":{"type":"Point","coordinates":[-122.720135402590898,45.454957482687057]}},
{"type":"Feature","properties":{"stop_id":10952,"routes":"[12 39 44]","num_routes":3},"geometry":{"type":"Point","coordinates":[-122.721711688030865,45.452897706706977]}},
{"type":"Feature","properties":{"stop_id":10953,"routes":"[  6   8  77 195]","num_routes":4},"geometry":{"type":"Point","coordinates":[-122.660563015524247,45.532016147762704]}},
{"type":"Feature","properties":{"stop_id":10957,"routes":"[ 6 72]","num_routes":2},"geometry":{"type":"Point","coordinates":[-122.662498007089283,45.562802618572931]}},
{"type":"Feature","properties":{"stop_id":10986,"routes":"[ 70  90 100 200 287 292]","num_routes":6},"geometry":{"type":"Point","coordinates":[-122.654688355652794,45.530404858108227]}},
{"type":"Feature","properties":{"stop_id":10994,"routes":"[74 87]","num_routes":2},"geometry":{"type":"Point","coordinates":[-122.499489904993894,45.557319869532797]}},
{"type":"Feature","properties":{"stop_id":10995,"routes":"[74 87]","num_routes":2},"geometry":{"type":"Point","coordinates":[-122.499917459173318,45.557644983401424]}},
{"type":"Feature","properties":{"stop_id":11001,"routes":"[38 45 55 96]","num_routes":4},"geometry":{"type":"Point","coordinates":[-122.675960457552677,45.510050343302822]}},
{"type":"Feature","properties":{"stop_id":11002,"routes":"[38 45 55 96]","num_routes":4},"geometry":{"type":"Point","coordinates":[-122.675724036734962,45.509757845796621]}},
{"type":"Feature","properties":{"stop_id":11007,"routes":"[ 4 11]","num_routes":2},"geometry":{"type":"Point","coordinates":[-122.749872663876189,45.596553136565355]}},
{"type":"Feature","properties":{"stop_id":11010,"routes":"[  8 208]","num_routes":2},"geometry":{"type":"Point","coordinates":[-122.682758954365909,45.499293392819851]}},
{"type":"Feature","properties":{"stop_id":11011,"routes":"[193 194 195]","num_routes":3},"geometry":{"type":"Point","coordinates":[-122.68392773210573,45.513709323532503]}},
{"type":"Feature","properties":{"stop_id":11029,"routes":"[10 17]","num_routes":2},"geometry":{"type":"Point","coordinates":[-122.526408677455123,45.483419347471433]}},
{"type":"Feature","properties":{"stop_id":11072,"routes":"[21 74]","num_routes":2},"geometry":{"type":"Point","coordinates":[-122.499938039710628,45.550520375495609]}},
{"type":"Feature","properties":{"stop_id":11111,"routes":"[32 34 79]","num_routes":3},"geometry":{"type":"Point","coordinates":[-122.59979977879199,45.36169892812655]}},
{"type":"Feature","properties":{"stop_id":11211,"routes":"[ 1 12 39 43 51]","num_routes":5},"geometry":{"type":"Point","coordinates":[-122.689125422871115,45.471026006766451]}},
{"type":"Feature","properties":{"stop_id":11251,"routes":"[29 30 31 79]","num_routes":4},"geometry":{"type":"Point","coordinates":[-122.578986872759344,45.43073568423916]}},
{"type":"Feature","properties":{"stop_id":11271,"routes":"[12 39]","num_routes":2},"geometry":{"type":"Point","coordinates":[-122.692140662085777,45.468714009798582]}},
{"type":"Feature","properties":{"stop_id":11313,"routes":"[12 75 77]","num_routes":3},"geometry":{"type":"Point","coordinates":[-122.622768606046847,45.535044123462292]}},
{"type":"Feature","properties":{"stop_id":11453,"routes":"[155 156]","num_routes":2},"geometry":{"type":"Point","coordinates":[-122.562266210577235,45.435000612865409]}},
{"type":"Feature","properties":{"stop_id":11454,"routes":"[155 156]","num_routes":2},"geometry":{"type":"Point","coordinates":[-122.562104988282741,45.43516491617715]}},
{"type":"Feature","properties":{"stop_id":11480,"routes":"[ 4 17 44]","num_routes":3},"geometry":{"type":"Point","coordinates":[-122.666600475770792,45.53424386285306]}},
{"type":"Feature","properties":{"stop_id":11483,"routes":"[  6 195]","num_routes":2},"geometry":{"type":"Point","coordinates":[-122.660682017220623,45.514999467816992]}},
{"type":"Feature","properties":{"stop_id":11484,"routes":"[  6  15 195]","num_routes":3},"geometry":{"type":"Point","coordinates":[-122.660643040761627,45.516863249374936]}},
{"type":"Feature","properties":{"stop_id":11486,"routes":"[ 1  2  6  8  9 12 17 19 35 40 44 54 58]","num_routes":13},"geometry":{"type":"Point","coordinates":[-122.681109066167451,45.514272248255487]}},
{"type":"Feature","properties":{"stop_id":11492,"routes":"[  8  77 287 292]","num_routes":4},"geometry":{"type":"Point","coordinates":[-122.662944191910483,45.531164646300425]}},
{"type":"Feature","properties":{"stop_id":11499,"routes":"[  6 190 293]","num_routes":3},"geometry":{"type":"Point","coordinates":[-122.68574587846787,45.596121154242937]}},
{"type":"Feature","properties":{"stop_id":11500,"routes":"[190 293]","num_routes":2},"geometry":{"type":"Point","coordinates":[-122.685893127247013,45.583797743544388]}},
{"type":"Feature","properties":{"stop_id":11501,"routes":"[  4  75 190 293]","num_routes":4},"geometry":{"type":"Point","coordinates":[-122.682177011955716,45.576583887438652]}},
{"type":"Feature","properties":{"stop_id":11502,"routes":"[ 44 190 293]","num_routes":3},"geometry":{"type":"Point","coordinates":[-122.682231650153227,45.569354638785292]}},
{"type":"Feature","properties":{"stop_id":11503,"routes":"[ 72 190 293]","num_routes":3},"geometry":{"type":"Point","coordinates":[-122.682311559627323,45.562210358992644]}},
{"type":"Feature","properties":{"stop_id":11504,"routes":"[190 293]","num_routes":2},"geometry":{"type":"Point","coordinates":[-122.682308144933387,45.555102537731941]}},
{"type":"Feature","properties":{"stop_id":11505,"routes":"[190 293]","num_routes":2},"geometry":{"type":"Point","coordinates":[-122.681075378222658,45.549128677151366]}},
{"type":"Feature","properties":{"stop_id":11506,"routes":"[ 35  40 190 293]","num_routes":4},"geometry":{"type":"Point","coordinates":[-122.675374874830169,45.539486023811136]}},
{"type":"Feature","properties":{"stop_id":11507,"routes":"[ 17  35  40 190 293]","num_routes":5},"geometry":{"type":"Point","coordinates":[-122.667783431154945,45.530096739832551]}},
{"type":"Feature","properties":{"stop_id":11508,"routes":"[ 17  35  40 190 293]","num_routes":5},"geometry":{"type":"Point","coordinates":[-122.667893579289512,45.530285103105477]}},
{"type":"Feature","properties":{"stop_id":11509,"routes":"[ 35  40 190 293]","num_routes":4},"geometry":{"type":"Point","coordinates":[-122.675631888561412,45.539631854158678]}},
{"type":"Feature","properties":{"stop_id":11510,"routes":"[190 293]","num_routes":2},"geometry":{"type":"Point","coordinates":[-122.680938968924664,45.548313803881889]}},
{"type":"Feature","properties":{"stop_id":11511,"routes":"[190 293]","num_routes":2},"geometry":{"type":"Point","coordinates":[-122.682296493956429,45.555283937896121]}},
{"type":"Feature","properties":{"stop_id":11512,"routes":"[ 72 190 293]","num_routes":3},"geometry":{"type":"Point","coordinates":[-122.682163995616776,45.563122959176134]}},
{"type":"Feature","properties":{"stop_id":11513,"routes":"[ 44 190 293]","num_routes":3},"geometry":{"type":"Point","coordinates":[-122.682076083246386,45.570421678402589]}},
{"type":"Feature","properties":{"stop_id":11514,"routes":"[  4  75 190 293]","num_routes":4},"geometry":{"type":"Point","coordinates":[-122.682018551196705,45.577647446123109]}},
{"type":"Feature","properties":{"stop_id":11515,"routes":"[190 293]","num_routes":2},"geometry":{"type":"Point","coordinates":[-122.685958362463182,45.58393265470631]}},
{"type":"Feature","properties":{"stop_id":11516,"routes":"[  6 190 293]","num_routes":3},"geometry":{"type":"Point","coordinates":[-122.68557678678377,45.596152450700018]}},
{"type":"Feature","properties":{"stop_id":11520,"routes":"[155 156]","num_routes":2},"geometry":{"type":"Point","coordinates":[-122.560672991568097,45.433323828738239]}},
{"type":"Feature","properties":{"stop_id":11813,"routes":"[  4   8  17  35  40  44  77 190 287 288 292 293]","num_routes":12},"geometry":{"type":"Point","coordinates":[-122.667672008301125,45.529880440048061]}},
{"type":"Feature","properties":{"stop_id":11814,"routes":"[  4   8  17  35  40  44  77  90 100 200 287 288 292 293]","num_routes":14},"geometry":{"type":"Point","coordinates":[-122.666304316832964,45.52972360770616]}},
{"type":"Feature","properties":{"stop_id":11817,"routes":"[  4   8  44  77  90 100 200 287 288 292]","num_routes":10},"geometry":{"type":"Point","coordinates":[-122.666013572030792,45.530717699494957]}},
{"type":"Feature","properties":{"stop_id":11829,"routes":"[ 11 293]","num_routes":2},"geometry":{"type":"Point","coordinates":[-122.685003354820068,45.606531621915565]}},
{"type":"Feature","properties":{"stop_id":11832,"routes":"[ 11 293]","num_routes":2},"geometry":{"type":"Point","coordinates":[-122.684317786455225,45.606317258544919]}},
{"type":"Feature","properties":{"stop_id":11837,"routes":"[ 4 11 16 44 75]","num_routes":5},"geometry":{"type":"Point","coordinates":[-122.756549313922818,45.59049590646039]}},
{"type":"Feature","properties":{"stop_id":11839,"routes":"[ 35  40 190 293]","num_routes":4},"geometry":{"type":"Point","coordinates":[-122.67524852915183,45.539554872148599]}},
{"type":"Feature","properties":{"stop_id":11840,"routes":"[35 40]","num_routes":2},"geometry":{"type":"Point","coordinates":[-122.674440545400827,45.538120125872396]}},
{"type":"Feature","properties":{"stop_id":11844,"routes":"[35 40]","num_routes":2},"geometry":{"type":"Point","coordinates":[-122.674745211343719,45.538052957872829]}},
{"type":"Feature","properties":{"stop_id":11845,"routes":"[35 40]","num_routes":2},"geometry":{"type":"Point","coordinates":[-122.671312597126871,45.532210884870508]}},
{"type":"Feature","properties":{"stop_id":11926,"routes":"[155 156]","num_routes":2},"geometry":{"type":"Point","coordinates":[-122.566912858231603,45.437811771460233]}},
{"type":"Feature","properties":{"stop_id":11927,"routes":"[155 156]","num_routes":2},"geometry":{"type":"Point","coordinates":[-122.566418045480901,45.437294851580859]}},
{"type":"Feature","properties":{"stop_id":11928,"routes":"[155 156]","num_routes":2},"geometry":{"type":"Point","coordinates":[-122.551795728579549,45.433848136631106]}},
{"type":"Feature","properties":{"stop_id":11929,"routes":"[155 156]","num_routes":2},"geometry":{"type":"Point","coordinates":[-122.555103405442466,45.433793778474374]}},
{"type":"Feature","properties":{"stop_id":11934,"routes":"[ 4 11 44 75]","num_routes":4},"geometry":{"type":"Point","coordinates":[-122.757947770268686,45.59217428954188]}},
{"type":"Feature","properties":{"stop_id":11935,"routes":"[11 16]","num_routes":2},"geometry":{"type":"Point","coordinates":[-122.757377303120407,45.591365207547014]}},
{"type":"Feature","properties":{"stop_id":11936,"routes":"[ 4 11]","num_routes":2},"geometry":{"type":"Point","coordinates":[-122.755520190430587,45.593872602278203]}},
{"type":"Feature","properties":{"stop_id":11939,"routes":"[ 20  48  59  62  90 100 288]","num_routes":7},"geometry":{"type":"Point","coordinates":[-122.782178036875692,45.510226534592924]}},
{"type":"Feature","properties":{"stop_id":11944,"routes":"[38 76 96]","num_routes":3},"geometry":{"type":"Point","coordinates":[-122.749016497596386,45.397675511600148]}},
{"type":"Feature","properties":{"stop_id":11945,"routes":"[38 76 96]","num_routes":3},"geometry":{"type":"Point","coordinates":[-122.749755475990952,45.397164510083755]}},
{"type":"Feature","properties":{"stop_id":11956,"routes":"[ 6 10 14]","num_routes":3},"geometry":{"type":"Point","coordinates":[-122.675635456645949,45.515279978899393]}},
{"type":"Feature","properties":{"stop_id":11970,"routes":"[155 156]","num_routes":2},"geometry":{"type":"Point","coordinates":[-122.552403399346318,45.433573025753759]}},
{"type":"Feature","properties":{"stop_id":12375,"routes":"[ 35  40  54 193 194 195]","num_routes":6},"geometry":{"type":"Point","coordinates":[-122.679612142831715,45.51021228501444]}},
{"type":"Feature","properties":{"stop_id":12377,"routes":"[ 38  45  55  96 193 194 195]","num_routes":7},"geometry":{"type":"Point","coordinates":[-122.676588046673103,45.508800971346723]}},
{"type":"Feature","properties":{"stop_id":12378,"routes":"[ 35  40 193 194 195]","num_routes":5},"geometry":{"type":"Point","coordinates":[-122.673938658958789,45.507074407249867]}},
{"type":"Feature","properties":{"stop_id":12379,"routes":"[ 35  40 193 194 195]","num_routes":5},"geometry":{"type":"Point","coordinates":[-122.674154393612952,45.507148715431427]}},
{"type":"Feature","properties":{"stop_id":12380,"routes":"[ 38  45  55 193 194 195]","num_routes":6},"geometry":{"type":"Point","coordinates":[-122.676545655425329,45.508958806173162]}},
{"type":"Feature","properties":{"stop_id":12382,"routes":"[ 35  40  54 193 194 195]","num_routes":6},"geometry":{"type":"Point","coordinates":[-122.679827485886193,45.510286483156932]}},
{"type":"Feature","properties":{"stop_id":12402,"routes":"[45 78]","num_routes":2},"geometry":{"type":"Point","coordinates":[-122.773746513279519,45.453292906247789]}},
{"type":"Feature","properties":{"stop_id":12730,"routes":"[ 1 39 43]","num_routes":3},"geometry":{"type":"Point","coordinates":[-122.69630788481993,45.475781419459004]}},
{"type":"Feature","properties":{"stop_id":12757,"routes":"[  2   9  20  21  81  84 100]","num_routes":7},"geometry":{"type":"Point","coordinates":[-122.428154391203435,45.502936895587951]}},
{"type":"Feature","properties":{"stop_id":12760,"routes":"[ 35  40 193 208]","num_routes":4},"geometry":{"type":"Point","coordinates":[-122.671829260278514,45.499342526873335]}},
{"type":"Feature","properties":{"stop_id":12762,"routes":"[12 44]","num_routes":2},"geometry":{"type":"Point","coordinates":[-122.681892980981104,45.505527478855406]}},
{"type":"Feature","properties":{"stop_id":12789,"routes":"[ 6 10 14 38 45 55 96]","num_routes":7},"geometry":{"type":"Point","coordinates":[-122.675599568579727,45.513756621256825]}},
{"type":"Feature","properties":{"stop_id":12790,"routes":"[  2   4   6   9  10  14  17  19  38  45  55  58  96 190 200 290 291 293]","num_routes":18},"geometry":{"type":"Point","coordinates":[-122.679181028791135,45.514709223620059]}},
{"type":"Feature","properties":{"stop_id":12791,"routes":"[  1   2   4   6   8   9  10  12  14  17  19  38  45  55  58  96 190 200\n 290 291 293]","num_routes":21},"geometry":{"type":"Point","coordinates":[-122.679549291734375,45.514815452440949]}},
{"type":"Feature","properties":{"stop_id":12792,"routes":"[ 6 24 45 51 55 58]","num_routes":6},"geometry":{"type":"Point","coordinates":[-122.690706715263133,45.516928281471088]}},
{"type":"Feature","properties":{"stop_id":12793,"routes":"[ 1  2  6  8  9 12 17 19 35 38 40 44 45 54 55 58 96]","num_routes":17},"geometry":{"type":"Point","coordinates":[-122.680668986671648,45.51421908816193]}},
{"type":"Feature","properties":{"stop_id":12794,"routes":"[ 2  4  6  9 17 19 35 38 40 44 45 54 55 58 96]","num_routes":15},"geometry":{"type":"Point","coordinates":[-122.679648812182961,45.513959732709161]}},
{"type":"Feature","properties":{"stop_id":12795,"routes":"[38 45 55 96]","num_routes":4},"geometry":{"type":"Point","coordinates":[-122.676416786276221,45.513093918348297]}},
{"type":"Feature","properties":{"stop_id":12796,"routes":"[193 195]","num_routes":2},"geometry":{"type":"Point","coordinates":[-122.683333956720418,45.531543992178214]}},
{"type":"Feature","properties":{"stop_id":12798,"routes":"[ 16  90 100]","num_routes":3},"geometry":{"type":"Point","coordinates":[-122.672008470212489,45.520425554028535]}},
{"type":"Feature","properties":{"stop_id":12844,"routes":"[  8  43  56 208]","num_routes":4},"geometry":{"type":"Point","coordinates":[-122.683933020022721,45.499502262363904]}},
{"type":"Feature","properties":{"stop_id":12845,"routes":"[ 35  40 193 208]","num_routes":4},"geometry":{"type":"Point","coordinates":[-122.67102393028182,45.499276705395779]}},
{"type":"Feature","properties":{"stop_id":12867,"routes":"[ 9 82]","num_routes":2},"geometry":{"type":"Point","coordinates":[-122.437836226073657,45.497024190358438]}},
{"type":"Feature","properties":{"stop_id":12868,"routes":"[ 9 82]","num_routes":2},"geometry":{"type":"Point","coordinates":[-122.438798553975218,45.497224217473878]}},
{"type":"Feature","properties":{"stop_id":12880,"routes":"[ 35  40 193]","num_routes":3},"geometry":{"type":"Point","coordinates":[-122.671956462037528,45.496191676873522]}},
{"type":"Feature","properties":{"stop_id":12881,"routes":"[ 35  40 193]","num_routes":3},"geometry":{"type":"Point","coordinates":[-122.671390438273392,45.493899857471114]}},
{"type":"Feature","properties":{"stop_id":12883,"routes":"[ 35  40 193 208]","num_routes":4},"geometry":{"type":"Point","coordinates":[-122.670753042835997,45.498947799074827]}},
{"type":"Feature","properties":{"stop_id":12899,"routes":"[ 67  90 100 288]","num_routes":4},"geometry":{"type":"Point","coordinates":[-122.842075687740632,45.505329296344506]}},
{"type":"Feature","properties":{"stop_id":12901,"routes":"[155 156]","num_routes":2},"geometry":{"type":"Point","coordinates":[-122.506606948605494,45.425415573232421]}},
{"type":"Feature","properties":{"stop_id":12903,"routes":"[155 156]","num_routes":2},"geometry":{"type":"Point","coordinates":[-122.50782838602089,45.425264902860732]}},
{"type":"Feature","properties":{"stop_id":12918,"routes":"[  6 190 293]","num_routes":3},"geometry":{"type":"Point","coordinates":[-122.685459012044319,45.596306118001735]}},
{"type":"Feature","properties":{"stop_id":12921,"routes":"[ 29  30  31  33  34  71  72  79 152 155 156]","num_routes":11},"geometry":{"type":"Point","coordinates":[-122.573326817246183,45.437315855924069]}},
{"type":"Feature","properties":{"stop_id":12922,"routes":"[ 29  30  31  33  34  71  72  79 152 155 156]","num_routes":11},"geometry":{"type":"Point","coordinates":[-122.574017576285996,45.437512121034679]}},
{"type":"Feature","properties":{"stop_id":12944,"routes":"[52 53 54 78 88]","num_routes":5},"geometry":{"type":"Point","coordinates":[-122.800739228193365,45.48782379197317]}},
{"type":"Feature","properties":{"stop_id":12945,"routes":"[52 53 54 78 88]","num_routes":5},"geometry":{"type":"Point","coordinates":[-122.801278025017723,45.488216459340649]}},
{"type":"Feature","properties":{"stop_id":12952,"routes":"[20 81]","num_routes":2},"geometry":{"type":"Point","coordinates":[-122.4001186985912,45.507911738586074]}},
{"type":"Feature","properties":{"stop_id":12956,"routes":"[33 71]","num_routes":2},"geometry":{"type":"Point","coordinates":[-122.588632389604939,45.44718912582313]}},
{"type":"Feature","properties":{"stop_id":12992,"routes":"[12 71]","num_routes":2},"geometry":{"type":"Point","coordinates":[-122.573613393763281,45.555547783877174]}},
{"type":"Feature","properties":{"stop_id":13027,"routes":"[ 15 100 287]","num_routes":3},"geometry":{"type":"Point","coordinates":[-122.557129339173059,45.522507547323478]}},
{"type":"Feature","properties":{"stop_id":13031,"routes":"[20 25 81]","num_routes":3},"geometry":{"type":"Point","coordinates":[-122.398623739721216,45.518491547003634]}},
{"type":"Feature","properties":{"stop_id":13032,"routes":"[10 73 86]","num_routes":3},"geometry":{"type":"Point","coordinates":[-122.539662339140222,45.476615635438591]}},
{"type":"Feature","properties":{"stop_id":13033,"routes":"[ 9 81 82 84]","num_routes":4},"geometry":{"type":"Point","coordinates":[-122.42784648443201,45.498621156170003]}},
{"type":"Feature","properties":{"stop_id":13066,"routes":"[ 20  52  54  57  58  76  78  88  90 100 203 288]","num_routes":12},"geometry":{"type":"Point","coordinates":[-122.801171863776304,45.490645526480563]}},
{"type":"Feature","properties":{"stop_id":13068,"routes":"[ 12  43  45  76  78  94 203]","num_routes":7},"geometry":{"type":"Point","coordinates":[-122.769540995815547,45.429946311357114]}},
{"type":"Feature","properties":{"stop_id":13069,"routes":"[ 76  97 203]","num_routes":3},"geometry":{"type":"Point","coordinates":[-122.76451888598551,45.383631133040765]}},
{"type":"Feature","properties":{"stop_id":13073,"routes":"[ 12  43  45  76  78  94 203]","num_routes":7},"geometry":{"type":"Point","coordinates":[-122.769848445066529,45.430238846088663]}},
{"type":"Feature","properties":{"stop_id":13077,"routes":"[155 156]","num_routes":2},"geometry":{"type":"Point","coordinates":[-122.560706497563913,45.432112197892494]}},
{"type":"Feature","properties":{"stop_id":13078,"routes":"[76 96 97]","num_routes":3},"geometry":{"type":"Point","coordinates":[-122.759684474804061,45.384751760556881]}},
{"type":"Feature","properties":{"stop_id":13079,"routes":"[ 76  97 203]","num_routes":3},"geometry":{"type":"Point","coordinates":[-122.76437749472872,45.382871120970165]}},
{"type":"Feature","properties":{"stop_id":13084,"routes":"[ 76  97 203]","num_routes":3},"geometry":{"type":"Point","coordinates":[-122.764143561260397,45.383312312925753]}},
{"type":"Feature","properties":{"stop_id":13085,"routes":"[76 96 97]","num_routes":3},"geometry":{"type":"Point","coordinates":[-122.759426667275477,45.384582739981482]}},
{"type":"Feature","properties":{"stop_id":13104,"routes":"[ 90 100 200 287 292]","num_routes":5},"geometry":{"type":"Point","coordinates":[-122.663049445697283,45.529933451585443]}},
{"type":"Feature","properties":{"stop_id":13123,"routes":"[  1   8   9  10  12  14  17  19  38  45  55  96 190 200 290 291 293]","num_routes":17},"geometry":{"type":"Point","coordinates":[-122.680395057124599,45.515638401367553]}},
{"type":"Feature","properties":{"stop_id":13124,"routes":"[ 15 200]","num_routes":2},"geometry":{"type":"Point","coordinates":[-122.564480921281671,45.513994606887231]}},
{"type":"Feature","properties":{"stop_id":13128,"routes":"[ 10  14  73  86 200]","num_routes":5},"geometry":{"type":"Point","coordinates":[-122.566885866954308,45.480193777550028]}},
{"type":"Feature","properties":{"stop_id":13132,"routes":"[ 29  30  31  33  34  71  72  79 152 155 156 200]","num_routes":12},"geometry":{"type":"Point","coordinates":[-122.567783730697087,45.435726677580952]}},
{"type":"Feature","properties":{"stop_id":13134,"routes":"[ 19 200]","num_routes":2},"geometry":{"type":"Point","coordinates":[-122.566556621526772,45.468073661817293]}},
{"type":"Feature","properties":{"stop_id":13138,"routes":"[  2 200]","num_routes":2},"geometry":{"type":"Point","coordinates":[-122.566598797267517,45.503616408813542]}},
{"type":"Feature","properties":{"stop_id":13139,"routes":"[ 15 200]","num_routes":2},"geometry":{"type":"Point","coordinates":[-122.564426992101446,45.514533657281298]}},
{"type":"Feature","properties":{"stop_id":13141,"routes":"[23 86]","num_routes":2},"geometry":{"type":"Point","coordinates":[-122.510236378583954,45.545604492068883]}},
{"type":"Feature","properties":{"stop_id":13142,"routes":"[23 86]","num_routes":2},"geometry":{"type":"Point","coordinates":[-122.510076524621127,45.545418983634448]}},
{"type":"Feature","properties":{"stop_id":13145,"routes":"[ 19 200]","num_routes":2},"geometry":{"type":"Point","coordinates":[-122.565369824349389,45.468266886099983]}},
{"type":"Feature","properties":{"stop_id":13167,"routes":"[  1   2   6   8   9  12  17  19  35  38  40  44  45  54  55  58  96 193\n 195]","num_routes":19},"geometry":{"type":"Point","coordinates":[-122.680513800035598,45.513602705311975]}},
{"type":"Feature","properties":{"stop_id":13168,"routes":"[  9  16  17  19 190 200 287 288 290 291 292 293]","num_routes":12},"geometry":{"type":"Point","coordinates":[-122.676928090240807,45.521756401112327]}},
{"type":"Feature","properties":{"stop_id":13169,"routes":"[  1   4   8   9  10  12  14  17  35  40  44  54 190 200 291 293]","num_routes":16},"geometry":{"type":"Point","coordinates":[-122.679853093129211,45.516408672828263]}},
{"type":"Feature","properties":{"stop_id":13170,"routes":"[  1   4   8   9  17  35  40  44  54 190 200 287 288 291 292 293]","num_routes":16},"geometry":{"type":"Point","coordinates":[-122.677246003685198,45.522902935527341]}},
{"type":"Feature","properties":{"stop_id":13171,"routes":"[ 1  4  8  9 12 17 19 20 35 40 44 54]","num_routes":12},"geometry":{"type":"Point","coordinates":[-122.675596671651164,45.522975574613042]}},
{"type":"Feature","properties":{"stop_id":13176,"routes":"[12 16 19 20]","num_routes":4},"geometry":{"type":"Point","coordinates":[-122.670417899286292,45.523604355176353]}},
{"type":"Feature","properties":{"stop_id":13180,"routes":"[ 35  40 193 194 195]","num_routes":5},"geometry":{"type":"Point","coordinates":[-122.674558642277375,45.507153253576021]}},
{"type":"Feature","properties":{"stop_id":13183,"routes":"[ 35  40 193]","num_routes":3},"geometry":{"type":"Point","coordinates":[-122.672056415388624,45.494393612959101]}},
{"type":"Feature","properties":{"stop_id":13184,"routes":"[35 40]","num_routes":2},"geometry":{"type":"Point","coordinates":[-122.672877631582139,45.493477709296528]}},
{"type":"Feature","properties":{"stop_id":13185,"routes":"[ 35  40 193]","num_routes":3},"geometry":{"type":"Point","coordinates":[-122.67274015950855,45.499189997901581]}},
{"type":"Feature","properties":{"stop_id":13205,"routes":"[48 67]","num_routes":2},"geometry":{"type":"Point","coordinates":[-122.840698986304744,45.529310141744958]}},
{"type":"Feature","properties":{"stop_id":13207,"routes":"[ 90 292]","num_routes":2},"geometry":{"type":"Point","coordinates":[-122.567402567246759,45.57662831397613]}},
{"type":"Feature","properties":{"stop_id":13208,"routes":"[ 90 292]","num_routes":2},"geometry":{"type":"Point","coordinates":[-122.567343752164575,45.576839477087425]}},
{"type":"Feature","properties":{"stop_id":13211,"routes":"[ 9 81 82 84]","num_routes":4},"geometry":{"type":"Point","coordinates":[-122.428038534650753,45.501105959786628]}},
{"type":"Feature","properties":{"stop_id":13212,"routes":"[ 4 11 44]","num_routes":3},"geometry":{"type":"Point","coordinates":[-122.752140561639095,45.587535381703546]}},
{"type":"Feature","properties":{"stop_id":13236,"routes":"[ 10  14  73  86 200]","num_routes":5},"geometry":{"type":"Point","coordinates":[-122.567511061679653,45.479591379937027]}},
{"type":"Feature","properties":{"stop_id":13244,"routes":"[10 17]","num_routes":2},"geometry":{"type":"Point","coordinates":[-122.529292732358101,45.48343901522334]}},
{"type":"Feature","properties":{"stop_id":13245,"routes":"[10 86]","num_routes":2},"geometry":{"type":"Point","coordinates":[-122.523683495913119,45.477106069557983]}},
{"type":"Feature","properties":{"stop_id":13247,"routes":"[ 29  30  31  33  34  71  72  79 152 155 156 200]","num_routes":12},"geometry":{"type":"Point","coordinates":[-122.568169229967282,45.435543764378728]}},
{"type":"Feature","properties":{"stop_id":13248,"routes":"[ 29  30  31  33  34  71  72  79 152 155 156 200]","num_routes":12},"geometry":{"type":"Point","coordinates":[-122.56872184289314,45.435674946557064]}},
{"type":"Feature","properties":{"stop_id":13252,"routes":"[31 32]","num_routes":2},"geometry":{"type":"Point","coordinates":[-122.584984828589683,45.3864712749535]}},
{"type":"Feature","properties":{"stop_id":13255,"routes":"[47 48]","num_routes":2},"geometry":{"type":"Point","coordinates":[-122.974055259457145,45.521557580061234]}},
{"type":"Feature","properties":{"stop_id":13297,"routes":"[  2 200]","num_routes":2},"geometry":{"type":"Point","coordinates":[-122.566930808582143,45.504336396509331]}},
{"type":"Feature","properties":{"stop_id":13305,"routes":"[  1   2   8   9  12  17  19  35  40  44  54 190 200 291 293]","num_routes":15},"geometry":{"type":"Point","coordinates":[-122.682662606657544,45.511063775007592]}},
{"type":"Feature","properties":{"stop_id":13327,"routes":"[12 19 20 70]","num_routes":4},"geometry":{"type":"Point","coordinates":[-122.653838663031465,45.52282870259257]}},
{"type":"Feature","properties":{"stop_id":13328,"routes":"[12 19 20 70]","num_routes":4},"geometry":{"type":"Point","coordinates":[-122.653405858780587,45.523666532421629]}},
{"type":"Feature","properties":{"stop_id":13329,"routes":"[12 19 20]","num_routes":3},"geometry":{"type":"Point","coordinates":[-122.658563785042617,45.523696597484246]}},
{"type":"Feature","properties":{"stop_id":13330,"routes":"[  6  12  19  20 194]","num_routes":5},"geometry":{"type":"Point","coordinates":[-122.66154944576725,45.523704456501015]}},
{"type":"Feature","properties":{"stop_id":13346,"routes":"[12 39 43]","num_routes":3},"geometry":{"type":"Point","coordinates":[-122.71792167450694,45.454412251224056]}},
{"type":"Feature","properties":{"stop_id":13449,"routes":"[100 287]","num_routes":2},"geometry":{"type":"Point","coordinates":[-122.441857633581947,45.508298130136069]}},
{"type":"Feature","properties":{"stop_id":13450,"routes":"[100 287]","num_routes":2},"geometry":{"type":"Point","coordinates":[-122.44131598525658,45.5079796341833]}},
{"type":"Feature","properties":{"stop_id":13458,"routes":"[31 32]","num_routes":2},"geometry":{"type":"Point","coordinates":[-122.586249229419124,45.388174185607753]}},
{"type":"Feature","properties":{"stop_id":13459,"routes":"[31 32]","num_routes":2},"geometry":{"type":"Point","coordinates":[-122.585313974986079,45.388236130067973]}},
{"type":"Feature","properties":{"stop_id":13473,"routes":"[81 82 84]","num_routes":3},"geometry":{"type":"Point","coordinates":[-122.424496741352797,45.49817735200655]}},
{"type":"Feature","properties":{"stop_id":13474,"routes":"[81 82 84]","num_routes":3},"geometry":{"type":"Point","coordinates":[-122.424890277084828,45.497927351824387]}},
{"type":"Feature","properties":{"stop_id":13475,"routes":"[82 84]","num_routes":2},"geometry":{"type":"Point","coordinates":[-122.398997118141807,45.491475392188747]}},
{"type":"Feature","properties":{"stop_id":13476,"routes":"[82 84]","num_routes":2},"geometry":{"type":"Point","coordinates":[-122.398691046258563,45.492326422712999]}},
{"type":"Feature","properties":{"stop_id":13477,"routes":"[ 29  32  33  34  70  75 152 291]","num_routes":8},"geometry":{"type":"Point","coordinates":[-122.640727562482553,45.444791850895434]}},
{"type":"Feature","properties":{"stop_id":13479,"routes":"[ 4 11]","num_routes":2},"geometry":{"type":"Point","coordinates":[-122.749025470950954,45.596775731635034]}},
{"type":"Feature","properties":{"stop_id":13482,"routes":"[ 29  32  33  34  70  75 152 291]","num_routes":8},"geometry":{"type":"Point","coordinates":[-122.640522863958878,45.445103792598395]}},
{"type":"Feature","properties":{"stop_id":13499,"routes":"[57 88]","num_routes":2},"geometry":{"type":"Point","coordinates":[-122.88102815782824,45.496062807240683]}},
{"type":"Feature","properties":{"stop_id":13504,"routes":"[ 90 292]","num_routes":2},"geometry":{"type":"Point","coordinates":[-122.593046224948409,45.587864650051756]}},
{"type":"Feature","properties":{"stop_id":13506,"routes":"[  2   9  20  21  81  82  84 100 287]","num_routes":9},"geometry":{"type":"Point","coordinates":[-122.427734808283105,45.502848397816294]}},
{"type":"Feature","properties":{"stop_id":13529,"routes":"[47 48]","num_routes":2},"geometry":{"type":"Point","coordinates":[-122.91213335959506,45.534845477616159]}},
{"type":"Feature","properties":{"stop_id":13532,"routes":"[77 81]","num_routes":2},"geometry":{"type":"Point","coordinates":[-122.390412480621862,45.541242739481213]}},
{"type":"Feature","properties":{"stop_id":13535,"routes":"[ 15  90 100 193 194 287 288 292]","num_routes":8},"geometry":{"type":"Point","coordinates":[-122.681946931455215,45.520035529740184]}},
{"type":"Feature","properties":{"stop_id":13546,"routes":"[94 97]","num_routes":2},"geometry":{"type":"Point","coordinates":[-122.841431570632125,45.367410027159544]}},
{"type":"Feature","properties":{"stop_id":13568,"routes":"[  4  75 190 293]","num_routes":4},"geometry":{"type":"Point","coordinates":[-122.681920211523035,45.57776355495983]}},
{"type":"Feature","properties":{"stop_id":13579,"routes":"[52 88]","num_routes":2},"geometry":{"type":"Point","coordinates":[-122.859910116834229,45.478797724649809]}},
{"type":"Feature","properties":{"stop_id":13582,"routes":"[45 78]","num_routes":2},"geometry":{"type":"Point","coordinates":[-122.776929617298151,45.452921632993686]}},
{"type":"Feature","properties":{"stop_id":13584,"routes":"[  6  15 194]","num_routes":3},"geometry":{"type":"Point","coordinates":[-122.661933570747962,45.516965774406536]}},
{"type":"Feature","properties":{"stop_id":13591,"routes":"[21 87]","num_routes":2},"geometry":{"type":"Point","coordinates":[-122.55546261695406,45.559043262396038]}},
{"type":"Feature","properties":{"stop_id":13594,"routes":"[21 77]","num_routes":2},"geometry":{"type":"Point","coordinates":[-122.418223379961489,45.537715039186573]}},
{"type":"Feature","properties":{"stop_id":13597,"routes":"[  6 195]","num_routes":2},"geometry":{"type":"Point","coordinates":[-122.660658631069964,45.519631994421474]}},
{"type":"Feature","properties":{"stop_id":13601,"routes":"[  2   9  17  19  35  40 193 194 195 291]","num_routes":10},"geometry":{"type":"Point","coordinates":[-122.672806997279991,45.503120293437497]}},
{"type":"Feature","properties":{"stop_id":13602,"routes":"[ 35  40 193 194 195]","num_routes":5},"geometry":{"type":"Point","coordinates":[-122.672748232005361,45.503292542205259]}},
{"type":"Feature","properties":{"stop_id":13604,"routes":"[193 194 195]","num_routes":3},"geometry":{"type":"Point","coordinates":[-122.68137829569676,45.531285238519374]}},
{"type":"Feature","properties":{"stop_id":13607,"routes":"[ 17 194 195]","num_routes":3},"geometry":{"type":"Point","coordinates":[-122.669235166309051,45.534438510525561]}},
{"type":"Feature","properties":{"stop_id":13608,"routes":"[ 17 194 195]","num_routes":3},"geometry":{"type":"Point","coordinates":[-122.663849468341667,45.534431662930302]}},
{"type":"Feature","properties":{"stop_id":13609,"routes":"[ 17 194 195]","num_routes":3},"geometry":{"type":"Point","coordinates":[-122.660237763136593,45.534415925076019]}},
{"type":"Feature","properties":{"stop_id":13611,"routes":"[ 90 100 194 200]","num_routes":4},"geometry":{"type":"Point","coordinates":[-122.658637141222286,45.530719441993227]}},
{"type":"Feature","properties":{"stop_id":13613,"routes":"[  6 194]","num_routes":2},"geometry":{"type":"Point","coordinates":[-122.661888272240532,45.519107470627695]}},
{"type":"Feature","properties":{"stop_id":13614,"routes":"[  6 194]","num_routes":2},"geometry":{"type":"Point","coordinates":[-122.661968681746117,45.512519315219102]}},
{"type":"Feature","properties":{"stop_id":13615,"routes":"[  2   9  17  19 194 195 290 291]","num_routes":8},"geometry":{"type":"Point","coordinates":[-122.663359068752072,45.507043050390863]}},
{"type":"Feature","properties":{"stop_id":13616,"routes":"[  6  10  14 195]","num_routes":4},"geometry":{"type":"Point","coordinates":[-122.660700986664878,45.51283480671281]}},
{"type":"Feature","properties":{"stop_id":13617,"routes":"[  6  17 194 195]","num_routes":4},"geometry":{"type":"Point","coordinates":[-122.660562875252523,45.534803526990579]}},
{"type":"Feature","properties":{"stop_id":13618,"routes":"[ 17 194 195]","num_routes":3},"geometry":{"type":"Point","coordinates":[-122.66355251987126,45.535039621215617]}},
{"type":"Feature","properties":{"stop_id":13619,"routes":"[ 17 194 195]","num_routes":3},"geometry":{"type":"Point","coordinates":[-122.669536415043098,45.534455459332435]}},
{"type":"Feature","properties":{"stop_id":13620,"routes":"[193 194 195]","num_routes":3},"geometry":{"type":"Point","coordinates":[-122.682470566472233,45.530909881257351]}},
{"type":"Feature","properties":{"stop_id":13637,"routes":"[15 16]","num_routes":2},"geometry":{"type":"Point","coordinates":[-122.731972568919971,45.554220736565533]}},
{"type":"Feature","properties":{"stop_id":13645,"routes":"[44 78]","num_routes":2},"geometry":{"type":"Point","coordinates":[-122.72720513642696,45.439270711530263]}},
{"type":"Feature","properties":{"stop_id":13648,"routes":"[ 6 11]","num_routes":2},"geometry":{"type":"Point","coordinates":[-122.667941861398432,45.595537050457843]}},
{"type":"Feature","properties":{"stop_id":13689,"routes":"[  6  15 194 195]","num_routes":4},"geometry":{"type":"Point","coordinates":[-122.660969984296102,45.516488636205388]}},
{"type":"Feature","properties":{"stop_id":13693,"routes":"[ 17 290 291]","num_routes":3},"geometry":{"type":"Point","coordinates":[-122.647878400699014,45.497784583288237]}},
{"type":"Feature","properties":{"stop_id":13700,"routes":"[52 67]","num_routes":2},"geometry":{"type":"Point","coordinates":[-122.858473990888257,45.565764143738015]}},
{"type":"Feature","properties":{"stop_id":13704,"routes":"[ 17 290 291]","num_routes":3},"geometry":{"type":"Point","coordinates":[-122.648380915737761,45.497197129388304]}},
{"type":"Feature","properties":{"stop_id":13705,"routes":"[57 88]","num_routes":2},"geometry":{"type":"Point","coordinates":[-122.881247102902194,45.496060687521464]}},
{"type":"Feature","properties":{"stop_id":13709,"routes":"[  2   9  17  19 194 195 290 291]","num_routes":8},"geometry":{"type":"Point","coordinates":[-122.663378220433231,45.506956813184757]}},
{"type":"Feature","properties":{"stop_id":13710,"routes":"[  2   9  17  19 290 291]","num_routes":6},"geometry":{"type":"Point","coordinates":[-122.6801680492987,45.507907446513727]}},
{"type":"Feature","properties":{"stop_id":13711,"routes":"[  2   9  17  19 290 291]","num_routes":6},"geometry":{"type":"Point","coordinates":[-122.671155060152657,45.50269847978997]}},
{"type":"Feature","properties":{"stop_id":13712,"routes":"[  2   9  17  19 194 195 290 291]","num_routes":8},"geometry":{"type":"Point","coordinates":[-122.662573833431779,45.506480636219422]}},
{"type":"Feature","properties":{"stop_id":13714,"routes":"[ 17 290 291]","num_routes":3},"geometry":{"type":"Point","coordinates":[-122.648192238413372,45.497649761597543]}},
{"type":"Feature","properties":{"stop_id":13716,"routes":"[ 19 290]","num_routes":2},"geometry":{"type":"Point","coordinates":[-122.640004246446111,45.474672147080952]}},
{"type":"Feature","properties":{"stop_id":13717,"routes":"[ 34  40 290 291]","num_routes":4},"geometry":{"type":"Point","coordinates":[-122.637437889563401,45.46263680733972]}},
{"type":"Feature","properties":{"stop_id":13718,"routes":"[ 32 290]","num_routes":2},"geometry":{"type":"Point","coordinates":[-122.64007030047425,45.441032276114932]}},
{"type":"Feature","properties":{"stop_id":13720,"routes":"[ 33 290 291]","num_routes":3},"geometry":{"type":"Point","coordinates":[-122.635079351693236,45.43073952400016]}},
{"type":"Feature","properties":{"stop_id":13721,"routes":"[ 32 290]","num_routes":2},"geometry":{"type":"Point","coordinates":[-122.639834683213437,45.441435599532198]}},
{"type":"Feature","properties":{"stop_id":13722,"routes":"[ 34  40 290 291]","num_routes":4},"geometry":{"type":"Point","coordinates":[-122.637864448464882,45.462989657276125]}},
{"type":"Feature","properties":{"stop_id":13723,"routes":"[ 19 290]","num_routes":2},"geometry":{"type":"Point","coordinates":[-122.640069479712253,45.475109918880939]}},
{"type":"Feature","properties":{"stop_id":13724,"routes":"[ 17 290 291]","num_routes":3},"geometry":{"type":"Point","coordinates":[-122.648470447918953,45.491144811582444]}},
{"type":"Feature","properties":{"stop_id":13725,"routes":"[ 17 290 291]","num_routes":3},"geometry":{"type":"Point","coordinates":[-122.648156523457359,45.498136743976829]}},
{"type":"Feature","properties":{"stop_id":13726,"routes":"[  9  17  19 290 291]","num_routes":5},"geometry":{"type":"Point","coordinates":[-122.653530143324517,45.502958937644131]}},
{"type":"Feature","properties":{"stop_id":13727,"routes":"[  2   9  17  19 194 195 290 291]","num_routes":8},"geometry":{"type":"Point","coordinates":[-122.662876784333719,45.506623090659176]}},
{"type":"Feature","properties":{"stop_id":13728,"routes":"[  2   9  17  19 290 291]","num_routes":6},"geometry":{"type":"Point","coordinates":[-122.671552953730242,45.50272182451166]}},
{"type":"Feature","properties":{"stop_id":13729,"routes":"[  2   9  17  19 290 291]","num_routes":6},"geometry":{"type":"Point","coordinates":[-122.680871958142262,45.507947312346005]}},
{"type":"Feature","properties":{"stop_id":13732,"routes":"[  2   9  17  19 290 291]","num_routes":6},"geometry":{"type":"Point","coordinates":[-122.670885929665687,45.502802888188569]}},
{"type":"Feature","properties":{"stop_id":13733,"routes":"[  2   9  17  19  35  40 193 195 290 291]","num_routes":10},"geometry":{"type":"Point","coordinates":[-122.671805748133522,45.502623896680852]}},
{"type":"Feature","properties":{"stop_id":13744,"routes":"[34 75]","num_routes":2},"geometry":{"type":"Point","coordinates":[-122.62997633903052,45.462039383928037]}},
{"type":"Feature","properties":{"stop_id":13766,"routes":"[94 97]","num_routes":2},"geometry":{"type":"Point","coordinates":[-122.841266754747807,45.367174531957495]}},
{"type":"Feature","properties":{"stop_id":13767,"routes":"[51 55]","num_routes":2},"geometry":{"type":"Point","coordinates":[-122.694295560664685,45.47947551570163]}},
{"type":"Feature","properties":{"stop_id":13768,"routes":"[ 1 45]","num_routes":2},"geometry":{"type":"Point","coordinates":[-122.711966193333268,45.476191862063672]}},
{"type":"Feature","properties":{"stop_id":13769,"routes":"[ 1 45]","num_routes":2},"geometry":{"type":"Point","coordinates":[-122.711267345410704,45.476072253108427]}},
{"type":"Feature","properties":{"stop_id":13770,"routes":"[ 34  40 290 291]","num_routes":4},"geometry":{"type":"Point","coordinates":[-122.63717004642929,45.462746054554579]}},
{"type":"Feature","properties":{"stop_id":13771,"routes":"[ 34  40 290 291]","num_routes":4},"geometry":{"type":"Point","coordinates":[-122.637149511058965,45.462225823621836]}},
{"type":"Feature","properties":{"stop_id":13772,"routes":"[  2   9  17  19 194 290 291]","num_routes":7},"geometry":{"type":"Point","coordinates":[-122.662305259474238,45.506498038600547]}},
{"type":"Feature","properties":{"stop_id":13773,"routes":"[  2   9  17  19 194 195 290 291]","num_routes":8},"geometry":{"type":"Point","coordinates":[-122.663169833078229,45.506607969734738]}},
{"type":"Feature","properties":{"stop_id":13775,"routes":"[17 73]","num_routes":2},"geometry":{"type":"Point","coordinates":[-122.538030353777557,45.485746856203384]}},
{"type":"Feature","properties":{"stop_id":13776,"routes":"[ 32 290]","num_routes":2},"geometry":{"type":"Point","coordinates":[-122.639501388790435,45.441583415028596]}},
{"type":"Feature","properties":{"stop_id":13777,"routes":"[ 29  32  33  34 291]","num_routes":5},"geometry":{"type":"Point","coordinates":[-122.64005572865247,45.442539201513824]}},
{"type":"Feature","properties":{"stop_id":13778,"routes":"[ 9 17 19]","num_routes":3},"geometry":{"type":"Point","coordinates":[-122.658138573668964,45.504820174046436]}},
{"type":"Feature","properties":{"stop_id":13780,"routes":"[ 1  2  8  9 12 17 19 35 40 44 54]","num_routes":11},"geometry":{"type":"Point","coordinates":[-122.682102381347534,45.510138238666109]}},
{"type":"Feature","properties":{"stop_id":13781,"routes":"[ 19 290]","num_routes":2},"geometry":{"type":"Point","coordinates":[-122.639794415339836,45.474187341282132]}},
{"type":"Feature","properties":{"stop_id":13782,"routes":"[ 19 290]","num_routes":2},"geometry":{"type":"Point","coordinates":[-122.640172241406646,45.474317825257778]}},
{"type":"Feature","properties":{"stop_id":13783,"routes":"[33 34]","num_routes":2},"geometry":{"type":"Point","coordinates":[-122.598858770327212,45.448412564918975]}},
{"type":"Feature","properties":{"stop_id":13784,"routes":"[33 34]","num_routes":2},"geometry":{"type":"Point","coordinates":[-122.599094574576981,45.448108507336855]}},
{"type":"Feature","properties":{"stop_id":13791,"routes":"[  9  17  19 290 291]","num_routes":5},"geometry":{"type":"Point","coordinates":[-122.654374575581954,45.502591227637268]}},
{"type":"Feature","properties":{"stop_id":13792,"routes":"[ 9 17 19 70]","num_routes":4},"geometry":{"type":"Point","coordinates":[-122.653297665869317,45.500814841366754]}},
{"type":"Feature","properties":{"stop_id":13807,"routes":"[34 75]","num_routes":2},"geometry":{"type":"Point","coordinates":[-122.629421973352763,45.462566440001325]}},
{"type":"Feature","properties":{"stop_id":13809,"routes":"[21 77]","num_routes":2},"geometry":{"type":"Point","coordinates":[-122.428616177439295,45.535842522692498]}},
{"type":"Feature","properties":{"stop_id":13825,"routes":"[ 9 10 17 19]","num_routes":4},"geometry":{"type":"Point","coordinates":[-122.658645710385841,45.505587377338344]}},
{"type":"Feature","properties":{"stop_id":13876,"routes":"[ 4 11 44 75]","num_routes":4},"geometry":{"type":"Point","coordinates":[-122.757522621370612,45.593073255444502]}},
{"type":"Feature","properties":{"stop_id":13877,"routes":"[ 4 11 44 75]","num_routes":4},"geometry":{"type":"Point","coordinates":[-122.757346943122997,45.592795646375372]}},
{"type":"Feature","properties":{"stop_id":13891,"routes":"[38 39]","num_routes":2},"geometry":{"type":"Point","coordinates":[-122.686689210114295,45.444129171784411]}},
{"type":"Feature","properties":{"stop_id":13913,"routes":"[73 87]","num_routes":2},"geometry":{"type":"Point","coordinates":[-122.561431324670963,45.555474019104743]}},
{"type":"Feature","properties":{"stop_id":13914,"routes":"[73 87]","num_routes":2},"geometry":{"type":"Point","coordinates":[-122.56374482320328,45.555437701658953]}},
{"type":"Feature","properties":{"stop_id":13918,"routes":"[ 15  18  20  24  26 287 288 292]","num_routes":8},"geometry":{"type":"Point","coordinates":[-122.68986480528136,45.522792662257842]}},
{"type":"Feature","properties":{"stop_id":13927,"routes":"[43 78]","num_routes":2},"geometry":{"type":"Point","coordinates":[-122.765761244829335,45.444486853000967]}},
{"type":"Feature","properties":{"stop_id":13928,"routes":"[43 78]","num_routes":2},"geometry":{"type":"Point","coordinates":[-122.765510046602131,45.438280504093214]}},
{"type":"Feature","properties":{"stop_id":13929,"routes":"[43 78]","num_routes":2},"geometry":{"type":"Point","coordinates":[-122.765272647764974,45.435134054575656]}},
{"type":"Feature","properties":{"stop_id":13930,"routes":"[12 43 78]","num_routes":3},"geometry":{"type":"Point","coordinates":[-122.76476045849779,45.430254852666778]}},
{"type":"Feature","properties":{"stop_id":13932,"routes":"[12 43 78]","num_routes":3},"geometry":{"type":"Point","coordinates":[-122.764532097788901,45.429566031184059]}},
{"type":"Feature","properties":{"stop_id":13933,"routes":"[43 78]","num_routes":2},"geometry":{"type":"Point","coordinates":[-122.765070123315851,45.435235184352472]}},
{"type":"Feature","properties":{"stop_id":13934,"routes":"[43 78]","num_routes":2},"geometry":{"type":"Point","coordinates":[-122.765273135819342,45.438276950588865]}},
{"type":"Feature","properties":{"stop_id":13935,"routes":"[43 78]","num_routes":2},"geometry":{"type":"Point","coordinates":[-122.765520987883818,45.444008686105846]}},
{"type":"Feature","properties":{"stop_id":13941,"routes":"[74 87]","num_routes":2},"geometry":{"type":"Point","coordinates":[-122.500332097125337,45.558001912852262]}},
{"type":"Feature","properties":{"stop_id":13946,"routes":"[74 77]","num_routes":2},"geometry":{"type":"Point","coordinates":[-122.495991048509509,45.534706218010555]}},
{"type":"Feature","properties":{"stop_id":13948,"routes":"[25 74]","num_routes":2},"geometry":{"type":"Point","coordinates":[-122.496588593420086,45.526028964273223]}},
{"type":"Feature","properties":{"stop_id":13949,"routes":"[ 74 100 287]","num_routes":3},"geometry":{"type":"Point","coordinates":[-122.496625047372333,45.522542727643547]}},
{"type":"Feature","properties":{"stop_id":13950,"routes":"[20 74]","num_routes":2},"geometry":{"type":"Point","coordinates":[-122.496669039460244,45.518327595719022]}},
{"type":"Feature","properties":{"stop_id":13955,"routes":"[ 2 74]","num_routes":2},"geometry":{"type":"Point","coordinates":[-122.496823955056925,45.503949700566579]}},
{"type":"Feature","properties":{"stop_id":13957,"routes":"[ 9 74]","num_routes":2},"geometry":{"type":"Point","coordinates":[-122.496039730432656,45.494568111491347]}},
{"type":"Feature","properties":{"stop_id":13960,"routes":"[ 2 74]","num_routes":2},"geometry":{"type":"Point","coordinates":[-122.496511304626409,45.504989307717288]}},
{"type":"Feature","properties":{"stop_id":13964,"routes":"[20 74]","num_routes":2},"geometry":{"type":"Point","coordinates":[-122.496327321158773,45.51962504319804]}},
{"type":"Feature","properties":{"stop_id":13965,"routes":"[ 74 100 287]","num_routes":3},"geometry":{"type":"Point","coordinates":[-122.496282085656631,45.522695464267073]}},
{"type":"Feature","properties":{"stop_id":13966,"routes":"[25 74]","num_routes":2},"geometry":{"type":"Point","coordinates":[-122.496222584409935,45.527108720849661]}},
{"type":"Feature","properties":{"stop_id":13968,"routes":"[74 77]","num_routes":2},"geometry":{"type":"Point","coordinates":[-122.495665177274802,45.534625456456524]}},
{"type":"Feature","properties":{"stop_id":13973,"routes":"[81 82]","num_routes":2},"geometry":{"type":"Point","coordinates":[-122.40652774824396,45.497649542313383]}},
{"type":"Feature","properties":{"stop_id":13974,"routes":"[81 82]","num_routes":2},"geometry":{"type":"Point","coordinates":[-122.40699191174491,45.49724094896326]}},
{"type":"Feature","properties":{"stop_id":13975,"routes":"[77 81]","num_routes":2},"geometry":{"type":"Point","coordinates":[-122.399344330908363,45.555035184007103]}},
{"type":"Feature","properties":{"stop_id":13976,"routes":"[77 81]","num_routes":2},"geometry":{"type":"Point","coordinates":[-122.38879086858833,45.550855270457795]}},
{"type":"Feature","properties":{"stop_id":13977,"routes":"[77 81]","num_routes":2},"geometry":{"type":"Point","coordinates":[-122.391353431817521,45.547087927604686]}},
{"type":"Feature","properties":{"stop_id":13978,"routes":"[ 29 152]","num_routes":2},"geometry":{"type":"Point","coordinates":[-122.630252478717992,45.443451582354911]}},
{"type":"Feature","properties":{"stop_id":13980,"routes":"[ 34 152]","num_routes":2},"geometry":{"type":"Point","coordinates":[-122.586622863207054,45.432510996566499]}},
{"type":"Feature","properties":{"stop_id":13983,"routes":"[ 34 152]","num_routes":2},"geometry":{"type":"Point","coordinates":[-122.587646885275504,45.432647383154105]}},
{"type":"Feature","properties":{"stop_id":13984,"routes":"[ 34 152]","num_routes":2},"geometry":{"type":"Point","coordinates":[-122.596313109600928,45.431978179942476]}},
{"type":"Feature","properties":{"stop_id":13985,"routes":"[ 29 152]","num_routes":2},"geometry":{"type":"Point","coordinates":[-122.603074390056946,45.430828598254422]}},
{"type":"Feature","properties":{"stop_id":13986,"routes":"[ 29 152]","num_routes":2},"geometry":{"type":"Point","coordinates":[-122.630118846391852,45.443759984352099]}},
{"type":"Feature","properties":{"stop_id":13988,"routes":"[77 81]","num_routes":2},"geometry":{"type":"Point","coordinates":[-122.391201617178524,45.547043101394088]}},
{"type":"Feature","properties":{"stop_id":13989,"routes":"[77 81]","num_routes":2},"geometry":{"type":"Point","coordinates":[-122.388575323362502,45.551367768229397]}},
{"type":"Feature","properties":{"stop_id":13990,"routes":"[77 81]","num_routes":2},"geometry":{"type":"Point","coordinates":[-122.398746422624669,45.552046627871867]}},
{"type":"Feature","properties":{"stop_id":13991,"routes":"[77 81]","num_routes":2},"geometry":{"type":"Point","coordinates":[-122.407696947615065,45.553635849631739]}},
{"type":"Feature","properties":{"stop_id":13992,"routes":"[43 78]","num_routes":2},"geometry":{"type":"Point","coordinates":[-122.765476467860665,45.446217372730473]}},
{"type":"Feature","properties":{"stop_id":14002,"routes":"[ 10  14  73  86 200]","num_routes":5},"geometry":{"type":"Point","coordinates":[-122.567813221222323,45.479672023770519]}},
{"type":"Feature","properties":{"stop_id":14009,"routes":"[18 20]","num_routes":2},"geometry":{"type":"Point","coordinates":[-122.701666853946406,45.524141099790796]}},
{"type":"Feature","properties":{"stop_id":14011,"routes":"[ 47 100 288]","num_routes":3},"geometry":{"type":"Point","coordinates":[-122.970250763790929,45.521333568483747]}},
{"type":"Feature","properties":{"stop_id":14012,"routes":"[100 288]","num_routes":2},"geometry":{"type":"Point","coordinates":[-122.991161620641606,45.52241506490288]}},
{"type":"Feature","properties":{"stop_id":14013,"routes":"[100 288]","num_routes":2},"geometry":{"type":"Point","coordinates":[-122.976765856567823,45.521205489930082]}},
{"type":"Feature","properties":{"stop_id":14014,"routes":"[ 47 100 288]","num_routes":3},"geometry":{"type":"Point","coordinates":[-122.970012405254067,45.521585786086497]}},
{"type":"Feature","properties":{"stop_id":14019,"routes":"[32 33]","num_routes":2},"geometry":{"type":"Point","coordinates":[-122.575353357457331,45.322021907175255]}},
{"type":"Feature","properties":{"stop_id":14021,"routes":"[ 73 100 287]","num_routes":3},"geometry":{"type":"Point","coordinates":[-122.5370968396753,45.522371032012394]}},
{"type":"Feature","properties":{"stop_id":14022,"routes":"[ 86 100 287]","num_routes":3},"geometry":{"type":"Point","coordinates":[-122.511184196795128,45.522430475855757]}},
{"type":"Feature","properties":{"stop_id":14023,"routes":"[ 73 100 287]","num_routes":3},"geometry":{"type":"Point","coordinates":[-122.53856306050973,45.522634473561276]}},
{"type":"Feature","properties":{"stop_id":14032,"routes":"[15 24 26 77]","num_routes":4},"geometry":{"type":"Point","coordinates":[-122.6984025599982,45.535451088528205]}},
{"type":"Feature","properties":{"stop_id":14033,"routes":"[24 26]","num_routes":2},"geometry":{"type":"Point","coordinates":[-122.690740714015092,45.534029078671381]}},
{"type":"Feature","properties":{"stop_id":14034,"routes":"[ 24  26 193]","num_routes":3},"geometry":{"type":"Point","coordinates":[-122.69059057711047,45.530441977452618]}},
{"type":"Feature","properties":{"stop_id":14035,"routes":"[24 26 77]","num_routes":3},"geometry":{"type":"Point","coordinates":[-122.690431327972391,45.525429430758201]}},
{"type":"Feature","properties":{"stop_id":14037,"routes":"[24 26]","num_routes":2},"geometry":{"type":"Point","coordinates":[-122.689256772794423,45.525590164044758]}},
{"type":"Feature","properties":{"stop_id":14038,"routes":"[ 24  26 193]","num_routes":3},"geometry":{"type":"Point","coordinates":[-122.689414422527662,45.529830080692776]}},
{"type":"Feature","properties":{"stop_id":14039,"routes":"[24 26]","num_routes":2},"geometry":{"type":"Point","coordinates":[-122.689585241809823,45.534461414400731]}},
{"type":"Feature","properties":{"stop_id":14040,"routes":"[24 26 77]","num_routes":3},"geometry":{"type":"Point","coordinates":[-122.695177941291234,45.5356260567021]}},
{"type":"Feature","properties":{"stop_id":14051,"routes":"[43 78]","num_routes":2},"geometry":{"type":"Point","coordinates":[-122.765684082735646,45.442305975198288]}},
{"type":"Feature","properties":{"stop_id":14052,"routes":"[43 78]","num_routes":2},"geometry":{"type":"Point","coordinates":[-122.765468120956911,45.442315041205951]}},
{"type":"Feature","properties":{"stop_id":14071,"routes":"[23 77]","num_routes":2},"geometry":{"type":"Point","coordinates":[-122.553795601029876,45.533487772625072]}},
{"type":"Feature","properties":{"stop_id":14075,"routes":"[22 87]","num_routes":2},"geometry":{"type":"Point","coordinates":[-122.557714478137598,45.543254435729359]}},
{"type":"Feature","properties":{"stop_id":14077,"routes":"[100 287]","num_routes":2},"geometry":{"type":"Point","coordinates":[-122.470671542344419,45.520246688089259]}},
{"type":"Feature","properties":{"stop_id":14078,"routes":"[100 287]","num_routes":2},"geometry":{"type":"Point","coordinates":[-122.460659267441571,45.516116865975079]}},
{"type":"Feature","properties":{"stop_id":14079,"routes":"[100 287]","num_routes":2},"geometry":{"type":"Point","coordinates":[-122.461537815232688,45.516781226807986]}},
{"type":"Feature","properties":{"stop_id":14081,"routes":"[100 287]","num_routes":2},"geometry":{"type":"Point","coordinates":[-122.441169086475696,45.507653938706682]}},
{"type":"Feature","properties":{"stop_id":14086,"routes":"[21 82]","num_routes":2},"geometry":{"type":"Point","coordinates":[-122.428426626108063,45.504935435548759]}},
{"type":"Feature","properties":{"stop_id":14087,"routes":"[52 67]","num_routes":2},"geometry":{"type":"Point","coordinates":[-122.859805264734646,45.563678382391458]}},
{"type":"Feature","properties":{"stop_id":14088,"routes":"[52 67]","num_routes":2},"geometry":{"type":"Point","coordinates":[-122.859156664371909,45.562947089685352]}},
{"type":"Feature","properties":{"stop_id":14112,"routes":"[ 90 100 200 287 292]","num_routes":5},"geometry":{"type":"Point","coordinates":[-122.65719174029789,45.529964682986126]}},
{"type":"Feature","properties":{"stop_id":14136,"routes":"[ 12  21  87 292]","num_routes":4},"geometry":{"type":"Point","coordinates":[-122.563735686889913,45.558595820070373]}},
{"type":"Feature","properties":{"stop_id":14144,"routes":"[ 75  77 287 292]","num_routes":4},"geometry":{"type":"Point","coordinates":[-122.62071119030719,45.533870257472053]}},
{"type":"Feature","properties":{"stop_id":14145,"routes":"[ 75  77 287 292]","num_routes":4},"geometry":{"type":"Point","coordinates":[-122.619995404166374,45.53370238489817]}},
{"type":"Feature","properties":{"stop_id":14148,"routes":"[ 86 100 287]","num_routes":3},"geometry":{"type":"Point","coordinates":[-122.510209453659456,45.522168721560554]}},
{"type":"Feature","properties":{"stop_id":14149,"routes":"[ 74 100 287]","num_routes":3},"geometry":{"type":"Point","coordinates":[-122.495606611158053,45.522049110689025]}},
{"type":"Feature","properties":{"stop_id":14150,"routes":"[100 287]","num_routes":2},"geometry":{"type":"Point","coordinates":[-122.485660243263638,45.521965587203518]}},
{"type":"Feature","properties":{"stop_id":14151,"routes":"[100 287]","num_routes":2},"geometry":{"type":"Point","coordinates":[-122.470711047923942,45.520681355488541]}},
{"type":"Feature","properties":{"stop_id":14152,"routes":"[ 87 100 287]","num_routes":3},"geometry":{"type":"Point","coordinates":[-122.477581657542729,45.52214836966855]}},
{"type":"Feature","properties":{"stop_id":14153,"routes":"[100 287]","num_routes":2},"geometry":{"type":"Point","coordinates":[-122.486706238416204,45.522225198774237]}},
{"type":"Feature","properties":{"stop_id":14154,"routes":"[ 74 100 287]","num_routes":3},"geometry":{"type":"Point","coordinates":[-122.497105605310111,45.522312527345655]}},
{"type":"Feature","properties":{"stop_id":14165,"routes":"[81 82]","num_routes":2},"geometry":{"type":"Point","coordinates":[-122.399748262941515,45.497636867959379]}},
{"type":"Feature","properties":{"stop_id":14177,"routes":"[23 73]","num_routes":2},"geometry":{"type":"Point","coordinates":[-122.538426053208966,45.542880325730906]}},
{"type":"Feature","properties":{"stop_id":14190,"routes":"[ 15  90 100 193 194 195 287 288 292]","num_routes":9},"geometry":{"type":"Point","coordinates":[-122.681983081562606,45.520689345277205]}},
{"type":"Feature","properties":{"stop_id":14191,"routes":"[  4   8   9  15  17  35  40  44  54  90 100 190 200 287 288 291 292 293]","num_routes":18},"geometry":{"type":"Point","coordinates":[-122.678484934576801,45.519758397109022]}},
{"type":"Feature","properties":{"stop_id":14192,"routes":"[ 15  90 100]","num_routes":3},"geometry":{"type":"Point","coordinates":[-122.674617578307547,45.51871223952476]}},
{"type":"Feature","properties":{"stop_id":14196,"routes":"[ 2 10]","num_routes":2},"geometry":{"type":"Point","coordinates":[-122.639754157403644,45.504460634825193]}},
{"type":"Feature","properties":{"stop_id":14197,"routes":"[ 2 10]","num_routes":2},"geometry":{"type":"Point","coordinates":[-122.639594533993787,45.504651205299609]}},
{"type":"Feature","properties":{"stop_id":14201,"routes":"[  2   9  20  21  81  82  84 100 287]","num_routes":9},"geometry":{"type":"Point","coordinates":[-122.426312532414769,45.503186211103987]}},
{"type":"Feature","properties":{"stop_id":14203,"routes":"[  1   4   6   8  10  12  14  58 190 200 290 291 293]","num_routes":13},"geometry":{"type":"Point","coordinates":[-122.679052840996363,45.515326806118281]}},
{"type":"Feature","properties":{"stop_id":14207,"routes":"[ 6 11]","num_routes":2},"geometry":{"type":"Point","coordinates":[-122.677166216750678,45.602286091988184]}},
{"type":"Feature","properties":{"stop_id":14208,"routes":"[ 6 11]","num_routes":2},"geometry":{"type":"Point","coordinates":[-122.677447154448501,45.602273574160279]}},
{"type":"Feature","properties":{"stop_id":14212,"routes":"[35 75]","num_routes":2},"geometry":{"type":"Point","coordinates":[-122.695957926695129,45.577060565859597]}},
{"type":"Feature","properties":{"stop_id":14215,"routes":"[ 4 11 44]","num_routes":3},"geometry":{"type":"Point","coordinates":[-122.752224316921499,45.587392064801087]}},
{"type":"Feature","properties":{"stop_id":14216,"routes":"[ 4 11 16 44 75]","num_routes":5},"geometry":{"type":"Point","coordinates":[-122.755356321008307,45.590733124940776]}},
{"type":"Feature","properties":{"stop_id":14225,"routes":"[ 2 71]","num_routes":2},"geometry":{"type":"Point","coordinates":[-122.609670412141995,45.505275840643009]}},
{"type":"Feature","properties":{"stop_id":14230,"routes":"[  2 287]","num_routes":2},"geometry":{"type":"Point","coordinates":[-122.418771808695453,45.503007686509754]}},
{"type":"Feature","properties":{"stop_id":14232,"routes":"[  2 287]","num_routes":2},"geometry":{"type":"Point","coordinates":[-122.418978195888229,45.503111645296343]}},
{"type":"Feature","properties":{"stop_id":14233,"routes":"[  2   9  20  21  81  82  84 287]","num_routes":8},"geometry":{"type":"Point","coordinates":[-122.426122919660486,45.503548579009596]}},
{"type":"Feature","properties":{"stop_id":14234,"routes":"[  2 287]","num_routes":2},"geometry":{"type":"Point","coordinates":[-122.436577790330986,45.504602425751045]}},
{"type":"Feature","properties":{"stop_id":14242,"routes":"[ 2 14]","num_routes":2},"geometry":{"type":"Point","coordinates":[-122.610359995001545,45.505379092042993]}},
{"type":"Feature","properties":{"stop_id":14243,"routes":"[ 2 10 70]","num_routes":3},"geometry":{"type":"Point","coordinates":[-122.645992917876484,45.504893145910316]}},
{"type":"Feature","properties":{"stop_id":14244,"routes":"[ 2 10]","num_routes":2},"geometry":{"type":"Point","coordinates":[-122.655173288776354,45.504926330620428]}},
{"type":"Feature","properties":{"stop_id":14247,"routes":"[15 77]","num_routes":2},"geometry":{"type":"Point","coordinates":[-122.706466608155509,45.536726605626335]}},
{"type":"Feature","properties":{"stop_id":14248,"routes":"[51 55]","num_routes":2},"geometry":{"type":"Point","coordinates":[-122.710427069247601,45.490714170043283]}},
{"type":"Feature","properties":{"stop_id":14365,"routes":"[15 77]","num_routes":2},"geometry":{"type":"Point","coordinates":[-122.706572560055491,45.537556526117271]}},
{"type":"Feature","properties":{"stop_id":14366,"routes":"[39 43]","num_routes":2},"geometry":{"type":"Point","coordinates":[-122.697914382615792,45.463429865745823]}},
{"type":"Feature","properties":{"stop_id":14379,"routes":"[38 39]","num_routes":2},"geometry":{"type":"Point","coordinates":[-122.686675720377906,45.439724491388084]}},
{"type":"Feature","properties":{"stop_id":14396,"routes":"[38 39]","num_routes":2},"geometry":{"type":"Point","coordinates":[-122.687733270263706,45.43988610395639]}},
{"type":"Feature","properties":{"stop_id":14406,"routes":"[39 43 44 45 51 54 55 56]","num_routes":8},"geometry":{"type":"Point","coordinates":[-122.686234127400169,45.480469011325326]}},
{"type":"Feature","properties":{"stop_id":14408,"routes":"[ 6 24 45 51 55 58]","num_routes":6},"geometry":{"type":"Point","coordinates":[-122.691230532835149,45.517717883027288]}},
{"type":"Feature","properties":{"stop_id":14409,"routes":"[76 78]","num_routes":2},"geometry":{"type":"Point","coordinates":[-122.76917722509225,45.431826860639092]}},
{"type":"Feature","properties":{"stop_id":14410,"routes":"[76 78]","num_routes":2},"geometry":{"type":"Point","coordinates":[-122.769545226759632,45.431698166409241]}},
{"type":"Feature","properties":{"stop_id":14411,"routes":"[12 45 94]","num_routes":3},"geometry":{"type":"Point","coordinates":[-122.771620568744311,45.42962988100961]}},
{"type":"Feature","properties":{"stop_id":14412,"routes":"[12 43]","num_routes":2},"geometry":{"type":"Point","coordinates":[-122.764875044961272,45.432685637971687]}},
{"type":"Feature","properties":{"stop_id":14416,"routes":"[17 86]","num_routes":2},"geometry":{"type":"Point","coordinates":[-122.52367541717912,45.485636246724816]}},
{"type":"Feature","properties":{"stop_id":14468,"routes":"[77 81]","num_routes":2},"geometry":{"type":"Point","coordinates":[-122.393986891740624,45.544423517352854]}},
{"type":"Feature","properties":{"stop_id":14477,"routes":"[ 9 70]","num_routes":2},"geometry":{"type":"Point","coordinates":[-122.644580685274136,45.499732637087526]}},
{"type":"Feature","properties":{"stop_id":14478,"routes":"[ 9 70]","num_routes":2},"geometry":{"type":"Point","coordinates":[-122.644726879598011,45.499742596740539]}},
{"type":"Feature","properties":{"stop_id":14484,"routes":"[ 33 290 291]","num_routes":3},"geometry":{"type":"Point","coordinates":[-122.635575721992879,45.43032631238767]}},
{"type":"Feature","properties":{"stop_id":14518,"routes":"[21 25]","num_routes":2},"geometry":{"type":"Point","coordinates":[-122.433090845865181,45.527716127365707]}},
{"type":"Feature","properties":{"stop_id":14544,"routes":"[ 19 291]","num_routes":2},"geometry":{"type":"Point","coordinates":[-122.641501098583547,45.474473578959049]}},
{"type":"Feature","properties":{"stop_id":14545,"routes":"[100 287]","num_routes":2},"geometry":{"type":"Point","coordinates":[-122.44080784663231,45.508290238280253]}},
{"type":"Feature","properties":{"stop_id":14546,"routes":"[190 293]","num_routes":2},"geometry":{"type":"Point","coordinates":[-122.682135314867352,45.555666277908053]}},
{"type":"Feature","properties":{"stop_id":14547,"routes":"[ 72 190 293]","num_routes":3},"geometry":{"type":"Point","coordinates":[-122.682079854190945,45.563225801589468]}},
{"type":"Feature","properties":{"stop_id":14548,"routes":"[ 44 190 293]","num_routes":3},"geometry":{"type":"Point","coordinates":[-122.681972545643106,45.570261735884927]}},
{"type":"Feature","properties":{"stop_id":14549,"routes":"[  4  75 190 293]","num_routes":4},"geometry":{"type":"Point","coordinates":[-122.682273545884229,45.57674088049982]}},
{"type":"Feature","properties":{"stop_id":14550,"routes":"[ 72 190 293]","num_routes":3},"geometry":{"type":"Point","coordinates":[-122.682426873248644,45.562027742468437]}},
{"type":"Feature","properties":{"stop_id":14551,"routes":"[ 46  47  48  57 100 288]","num_routes":6},"geometry":{"type":"Point","coordinates":[-122.985728066513019,45.521292128298761]}},
{"type":"Feature","properties":{"stop_id":14555,"routes":"[ 67 288]","num_routes":2},"geometry":{"type":"Point","coordinates":[-122.841065146566962,45.507521218787552]}},
{"type":"Feature","properties":{"stop_id":14557,"routes":"[ 90 100 288]","num_routes":3},"geometry":{"type":"Point","coordinates":[-122.807687721912515,45.489664998952072]}},
{"type":"Feature","properties":{"stop_id":14559,"routes":"[ 62 288]","num_routes":2},"geometry":{"type":"Point","coordinates":[-122.821412643864647,45.493309986100925]}},
{"type":"Feature","properties":{"stop_id":14561,"routes":"[ 67 288]","num_routes":2},"geometry":{"type":"Point","coordinates":[-122.841137123414825,45.507798825779453]}},
{"type":"Feature","properties":{"stop_id":14563,"routes":"[ 90 100 288]","num_routes":3},"geometry":{"type":"Point","coordinates":[-122.889196597967839,45.52233091968197]}},
{"type":"Feature","properties":{"stop_id":14570,"routes":"[ 1  2  8  9 12 17 19 35 40 44 54]","num_routes":11},"geometry":{"type":"Point","coordinates":[-122.681128498302471,45.510156595591852]}},
{"type":"Feature","properties":{"stop_id":14573,"routes":"[81 82 84]","num_routes":3},"geometry":{"type":"Point","coordinates":[-122.411566123151076,45.495828160148136]}},
{"type":"Feature","properties":{"stop_id":14592,"routes":"[47 48]","num_routes":2},"geometry":{"type":"Point","coordinates":[-122.877284568691536,45.535100359265002]}},
{"type":"Feature","properties":{"stop_id":14596,"routes":"[47 48]","num_routes":2},"geometry":{"type":"Point","coordinates":[-122.877809828675254,45.534857398564313]}},
{"type":"Feature","properties":{"stop_id":14601,"routes":"[ 86 100 287]","num_routes":3},"geometry":{"type":"Point","coordinates":[-122.510791665851684,45.521774784200701]}},
{"type":"Feature","properties":{"stop_id":14602,"routes":"[ 86 100 287]","num_routes":3},"geometry":{"type":"Point","coordinates":[-122.510541618681557,45.522676621597114]}},
{"type":"Feature","properties":{"stop_id":14606,"routes":"[73 87]","num_routes":2},"geometry":{"type":"Point","coordinates":[-122.554657515040688,45.555656834683049]}},
{"type":"Feature","properties":{"stop_id":14608,"routes":"[10 17 86]","num_routes":3},"geometry":{"type":"Point","coordinates":[-122.523482959692032,45.483463031264812]}},
{"type":"Feature","properties":{"stop_id":14609,"routes":"[17 86]","num_routes":2},"geometry":{"type":"Point","coordinates":[-122.523509352158541,45.485723674549313]}},
{"type":"Feature","properties":{"stop_id":14610,"routes":"[17 86]","num_routes":2},"geometry":{"type":"Point","coordinates":[-122.523501890217801,45.487896158609331]}},
{"type":"Feature","properties":{"stop_id":14611,"routes":"[ 9 86]","num_routes":2},"geometry":{"type":"Point","coordinates":[-122.510465319161682,45.498476396188558]}},
{"type":"Feature","properties":{"stop_id":14612,"routes":"[ 2 86]","num_routes":2},"geometry":{"type":"Point","coordinates":[-122.510617102244538,45.504831208662452]}},
{"type":"Feature","properties":{"stop_id":14615,"routes":"[20 86]","num_routes":2},"geometry":{"type":"Point","coordinates":[-122.510558113073301,45.519615354205641]}},
{"type":"Feature","properties":{"stop_id":14616,"routes":"[25 86]","num_routes":2},"geometry":{"type":"Point","coordinates":[-122.510453937848681,45.526758816215107]}},
{"type":"Feature","properties":{"stop_id":14617,"routes":"[77 86]","num_routes":2},"geometry":{"type":"Point","coordinates":[-122.508988959866244,45.533975194460126]}},
{"type":"Feature","properties":{"stop_id":14620,"routes":"[77 86]","num_routes":2},"geometry":{"type":"Point","coordinates":[-122.509007019413303,45.533216982906708]}},
{"type":"Feature","properties":{"stop_id":14621,"routes":"[25 86]","num_routes":2},"geometry":{"type":"Point","coordinates":[-122.510750685815353,45.526128101354416]}},
{"type":"Feature","properties":{"stop_id":14622,"routes":"[20 86]","num_routes":2},"geometry":{"type":"Point","coordinates":[-122.510879790058794,45.518780493923863]}},
{"type":"Feature","properties":{"stop_id":14626,"routes":"[ 9 86]","num_routes":2},"geometry":{"type":"Point","coordinates":[-122.510747073632302,45.498528392586955]}},
{"type":"Feature","properties":{"stop_id":14627,"routes":"[ 9 86]","num_routes":2},"geometry":{"type":"Point","coordinates":[-122.523658930221004,45.497233013532195]}},
{"type":"Feature","properties":{"stop_id":14630,"routes":"[17 86]","num_routes":2},"geometry":{"type":"Point","coordinates":[-122.523672273688661,45.487806597187429]}},
{"type":"Feature","properties":{"stop_id":14631,"routes":"[10 17 86]","num_routes":3},"geometry":{"type":"Point","coordinates":[-122.523675633661767,45.483164702534424]}},
{"type":"Feature","properties":{"stop_id":14632,"routes":"[12 43]","num_routes":2},"geometry":{"type":"Point","coordinates":[-122.764609899728853,45.432388394260386]}},
{"type":"Feature","properties":{"stop_id":14640,"routes":"[ 75  77 287 292]","num_routes":4},"geometry":{"type":"Point","coordinates":[-122.620382685964088,45.534037505828906]}},
{"type":"Feature","properties":{"stop_id":14643,"routes":"[86 87]","num_routes":2},"geometry":{"type":"Point","coordinates":[-122.51018732580593,45.560293422763692]}},
{"type":"Feature","properties":{"stop_id":14646,"routes":"[ 12  43  45  76  78  94 203]","num_routes":7},"geometry":{"type":"Point","coordinates":[-122.769135980528404,45.430353694381445]}},
{"type":"Feature","properties":{"stop_id":14653,"routes":"[ 29 152]","num_routes":2},"geometry":{"type":"Point","coordinates":[-122.6308798293325,45.443447177201314]}},
{"type":"Feature","properties":{"stop_id":14656,"routes":"[17 70 77]","num_routes":3},"geometry":{"type":"Point","coordinates":[-122.642388161392191,45.534258933724018]}},
{"type":"Feature","properties":{"stop_id":14663,"routes":"[ 17 194 195]","num_routes":3},"geometry":{"type":"Point","coordinates":[-122.669217944156372,45.534805113445579]}},
{"type":"Feature","properties":{"stop_id":14668,"routes":"[21 87]","num_routes":2},"geometry":{"type":"Point","coordinates":[-122.554656249747964,45.559693418903407]}},
{"type":"Feature","properties":{"stop_id":14670,"routes":"[19 71]","num_routes":2},"geometry":{"type":"Point","coordinates":[-122.607539695377866,45.475903730680791]}}
]
}
